INSERT INTO `payroll` (`payroll_id`, `employee_id`, `pay_period_start`, `pay_period_end`, `work_days_payable`, `base_salary_period`, `allowances_total`, `bonuses_total`, `deductions_total`, `gross_salary`, `tax_deduction`, `insurance_deduction`, `net_salary`, `currency`, `amount`, `payment_date`, `status`, `generated_at`, `generated_by_user_id`, `notes`, `payment_method`, `payment_reference`) VALUES
(7246, 1, '2023-01-01', '2023-01-31', 22.0, 25000000.00, 2500000.00, 1250000.00, 0.00, 28750000.00, 2875000.00, 3018750.00, 22856250.00, 'VND', NULL, '2025-04-30', 'paid', '2025-04-30 21:31:36', 1, 'Lương tháng 01/2023', 'bank_transfer', 'PAY-7246-20250430'),
(7247, 2, '2023-01-01', '2023-01-31', 22.0, 25000000.00, 2500000.00, 1250000.00, 0.00, 28750000.00, 2875000.00, 3018750.00, 22856250.00, 'VND', NULL, '2025-04-30', 'paid', '2025-04-30 21:31:36', 1, 'Lương tháng 01/2023', 'bank_transfer', 'PAY-7247-20250430'),
(7248, 3, '2023-01-01', '2023-01-31', 22.0, 25000000.00, 2500000.00, 1250000.00, 0.00, 28750000.00, 2875000.00, 3018750.00, 22856250.00, 'VND', NULL, '2025-04-30', 'paid', '2025-04-30 21:31:36', 1, 'Lương tháng 01/2023', 'bank_transfer', 'PAY-7248-20250430'),
(7249, 4, '2023-01-01', '2023-01-31', 22.0, 25000000.00, 2500000.00, 1250000.00, 0.00, 28750000.00, 2875000.00, 3018750.00, 22856250.00, 'VND', NULL, '2025-04-30', 'paid', '2025-04-30 21:31:36', 1, 'Lương tháng 01/2023', 'bank_transfer', 'PAY-7249-20250430'),
(7250, 5, '2023-01-01', '2023-01-31', 22.0, 25000000.00, 2500000.00, 1250000.00, 0.00, 28750000.00, 2875000.00, 3018750.00, 22856250.00, 'VND', NULL, '2025-04-30', 'paid', '2025-04-30 21:31:36', 1, 'Lương tháng 01/2023', 'bank_transfer', 'PAY-7250-20250430'),
(7251, 6, '2023-01-01', '2023-01-31', 22.0, 25000000.00, 2500000.00, 1250000.00, 0.00, 28750000.00, 2875000.00, 3018750.00, 22856250.00, 'VND', NULL, '2025-04-30', 'paid', '2025-04-30 21:31:36', 1, 'Lương tháng 01/2023', 'bank_transfer', 'PAY-7251-20250430'),
(7252, 7, '2023-01-01', '2023-01-31', 22.0, 25000000.00, 2500000.00, 1250000.00, 0.00, 28750000.00, 2875000.00, 3018750.00, 22856250.00, 'VND', NULL, '2025-04-30', 'paid', '2025-04-30 21:31:36', 1, 'Lương tháng 01/2023', 'bank_transfer', 'PAY-7252-20250430'),
(7253, 8, '2023-01-01', '2023-01-31', 22.0, 25000000.00, 2500000.00, 1250000.00, 0.00, 28750000.00, 2875000.00, 3018750.00, 22856250.00, 'VND', NULL, '2025-04-30', 'paid', '2025-04-30 21:31:36', 1, 'Lương tháng 01/2023', 'bank_transfer', 'PAY-7253-20250430'),
(7254, 9, '2023-01-01', '2023-01-31', 22.0, 25000000.00, 2500000.00, 1250000.00, 0.00, 28750000.00, 2875000.00, 3018750.00, 22856250.00, 'VND', NULL, '2025-04-30', 'paid', '2025-04-30 21:31:36', 1, 'Lương tháng 01/2023', 'bank_transfer', 'PAY-7254-20250430'),
(7255, 10, '2023-01-01', '2023-01-31', 22.0, 25000000.00, 2500000.00, 1250000.00, 0.00, 28750000.00, 2875000.00, 3018750.00, 22856250.00, 'VND', NULL, '2025-04-30', 'paid', '2025-04-30 21:31:36', 1, 'Lương tháng 01/2023', 'bank_transfer', 'PAY-7255-20250430'),
(7256, 1, '2023-02-01', '2023-02-28', 20.0, 23000000.00, 2300000.00, 1150000.00, 0.00, 26450000.00, 2645000.00, 2777250.00, 21027750.00, 'VND', NULL, '2025-04-30', 'paid', '2025-04-30 21:31:36', 1, 'Lương tháng 02/2023', 'bank_transfer', 'PAY-7256-20250430'),
(7257, 2, '2023-02-01', '2023-02-28', 20.0, 23000000.00, 2300000.00, 1150000.00, 0.00, 26450000.00, 2645000.00, 2777250.00, 21027750.00, 'VND', NULL, '2025-04-30', 'paid', '2025-04-30 21:31:36', 1, 'Lương tháng 02/2023', 'bank_transfer', 'PAY-7257-20250430'),
(7258, 3, '2023-02-01', '2023-02-28', 20.0, 23000000.00, 2300000.00, 1150000.00, 0.00, 26450000.00, 2645000.00, 2777250.00, 21027750.00, 'VND', NULL, '2025-04-30', 'paid', '2025-04-30 21:31:36', 1, 'Lương tháng 02/2023', 'bank_transfer', 'PAY-7258-20250430'),
(7259, 4, '2023-02-01', '2023-02-28', 20.0, 23000000.00, 2300000.00, 1150000.00, 0.00, 26450000.00, 2645000.00, 2777250.00, 21027750.00, 'VND', NULL, '2025-04-30', 'paid', '2025-04-30 21:31:36', 1, 'Lương tháng 02/2023', 'bank_transfer', 'PAY-7259-20250430'),
(7260, 5, '2023-02-01', '2023-02-28', 20.0, 23000000.00, 2300000.00, 1150000.00, 0.00, 26450000.00, 2645000.00, 2777250.00, 21027750.00, 'VND', NULL, '2025-04-30', 'paid', '2025-04-30 21:31:36', 1, 'Lương tháng 02/2023', 'bank_transfer', 'PAY-7260-20250430'),
(7261, 6, '2023-02-01', '2023-02-28', 20.0, 23000000.00, 2300000.00, 1150000.00, 0.00, 26450000.00, 2645000.00, 2777250.00, 21027750.00, 'VND', NULL, '2025-04-30', 'paid', '2025-04-30 21:31:36', 1, 'Lương tháng 02/2023', 'bank_transfer', 'PAY-7261-20250430'),
(7262, 7, '2023-02-01', '2023-02-28', 20.0, 23000000.00, 2300000.00, 1150000.00, 0.00, 26450000.00, 2645000.00, 2777250.00, 21027750.00, 'VND', NULL, '2025-04-30', 'paid', '2025-04-30 21:31:36', 1, 'Lương tháng 02/2023', 'bank_transfer', 'PAY-7262-20250430'),
(7263, 8, '2023-02-01', '2023-02-28', 20.0, 23000000.00, 2300000.00, 1150000.00, 0.00, 26450000.00, 2645000.00, 2777250.00, 21027750.00, 'VND', NULL, '2025-04-30', 'paid', '2025-04-30 21:31:36', 1, 'Lương tháng 02/2023', 'bank_transfer', 'PAY-7263-20250430'),
(7264, 9, '2023-02-01', '2023-02-28', 20.0, 23000000.00, 2300000.00, 1150000.00, 0.00, 26450000.00, 2645000.00, 2777250.00, 21027750.00, 'VND', NULL, '2025-04-30', 'paid', '2025-04-30 21:31:36', 1, 'Lương tháng 02/2023', 'bank_transfer', 'PAY-7264-20250430'),
(7265, 10, '2023-02-01', '2023-02-28', 20.0, 23000000.00, 2300000.00, 1150000.00, 0.00, 26450000.00, 2645000.00, 2777250.00, 21027750.00, 'VND', NULL, '2025-04-30', 'paid', '2025-04-30 21:31:36', 1, 'Lương tháng 02/2023', 'bank_transfer', 'PAY-7265-20250430'),
(7266, 1, '2023-03-01', '2023-03-31', 22.0, 27000000.00, 2700000.00, 1350000.00, 0.00, 31050000.00, 3105000.00, 3260250.00, 24684750.00, 'VND', NULL, '2025-04-30', 'paid', '2025-04-30 21:31:36', 1, 'Lương tháng 03/2023', 'bank_transfer', 'PAY-7266-20250430'),
(7267, 2, '2023-03-01', '2023-03-31', 22.0, 27000000.00, 2700000.00, 1350000.00, 0.00, 31050000.00, 3105000.00, 3260250.00, 24684750.00, 'VND', NULL, '2025-04-30', 'paid', '2025-04-30 21:31:36', 1, 'Lương tháng 03/2023', 'bank_transfer', 'PAY-7267-20250430'),
(7268, 3, '2023-03-01', '2023-03-31', 22.0, 27000000.00, 2700000.00, 1350000.00, 0.00, 31050000.00, 3105000.00, 3260250.00, 24684750.00, 'VND', NULL, '2025-04-30', 'paid', '2025-04-30 21:31:36', 1, 'Lương tháng 03/2023', 'bank_transfer', 'PAY-7268-20250430'),
(7269, 4, '2023-03-01', '2023-03-31', 22.0, 27000000.00, 2700000.00, 1350000.00, 0.00, 31050000.00, 3105000.00, 3260250.00, 24684750.00, 'VND', NULL, '2025-04-30', 'paid', '2025-04-30 21:31:36', 1, 'Lương tháng 03/2023', 'bank_transfer', 'PAY-7269-20250430'),
(7270, 5, '2023-03-01', '2023-03-31', 22.0, 27000000.00, 2700000.00, 1350000.00, 0.00, 31050000.00, 3105000.00, 3260250.00, 24684750.00, 'VND', NULL, '2025-04-30', 'paid', '2025-04-30 21:31:36', 1, 'Lương tháng 03/2023', 'bank_transfer', 'PAY-7270-20250430'),
(7271, 6, '2023-03-01', '2023-03-31', 22.0, 27000000.00, 2700000.00, 1350000.00, 0.00, 31050000.00, 3105000.00, 3260250.00, 24684750.00, 'VND', NULL, '2025-04-30', 'paid', '2025-04-30 21:31:36', 1, 'Lương tháng 03/2023', 'bank_transfer', 'PAY-7271-20250430'),
(7272, 7, '2023-03-01', '2023-03-31', 22.0, 27000000.00, 2700000.00, 1350000.00, 0.00, 31050000.00, 3105000.00, 3260250.00, 24684750.00, 'VND', NULL, '2025-04-30', 'paid', '2025-04-30 21:31:36', 1, 'Lương tháng 03/2023', 'bank_transfer', 'PAY-7272-20250430'),
(7273, 8, '2023-03-01', '2023-03-31', 22.0, 27000000.00, 2700000.00, 1350000.00, 0.00, 31050000.00, 3105000.00, 3260250.00, 24684750.00, 'VND', NULL, '2025-04-30', 'paid', '2025-04-30 21:31:36', 1, 'Lương tháng 03/2023', 'bank_transfer', 'PAY-7273-20250430'),
(7274, 9, '2023-03-01', '2023-03-31', 22.0, 27000000.00, 2700000.00, 1350000.00, 0.00, 31050000.00, 3105000.00, 3260250.00, 24684750.00, 'VND', NULL, '2025-04-30', 'paid', '2025-04-30 21:31:36', 1, 'Lương tháng 03/2023', 'bank_transfer', 'PAY-7274-20250430'),
(7275, 10, '2023-03-01', '2023-03-31', 22.0, 27000000.00, 2700000.00, 1350000.00, 0.00, 31050000.00, 3105000.00, 3260250.00, 24684750.00, 'VND', NULL, '2025-04-30', 'paid', '2025-04-30 21:31:36', 1, 'Lương tháng 03/2023', 'bank_transfer', 'PAY-7275-20250430'),
(7276, 1, '2023-04-01', '2023-04-30', 21.0, 26000000.00, 2600000.00, 1300000.00, 0.00, 29900000.00, 2990000.00, 3139500.00, 23770500.00, 'VND', NULL, '2025-04-30', 'paid', '2025-04-30 21:31:36', 1, 'Lương tháng 04/2023', 'bank_transfer', 'PAY-7276-20250430'),
(7277, 2, '2023-04-01', '2023-04-30', 21.0, 26000000.00, 2600000.00, 1300000.00, 0.00, 29900000.00, 2990000.00, 3139500.00, 23770500.00, 'VND', NULL, '2025-04-30', 'paid', '2025-04-30 21:31:36', 1, 'Lương tháng 04/2023', 'bank_transfer', 'PAY-7277-20250430'),
(7278, 3, '2023-04-01', '2023-04-30', 21.0, 26000000.00, 2600000.00, 1300000.00, 0.00, 29900000.00, 2990000.00, 3139500.00, 23770500.00, 'VND', NULL, '2025-04-30', 'paid', '2025-04-30 21:31:36', 1, 'Lương tháng 04/2023', 'bank_transfer', 'PAY-7278-20250430'),
(7279, 4, '2023-04-01', '2023-04-30', 21.0, 26000000.00, 2600000.00, 1300000.00, 0.00, 29900000.00, 2990000.00, 3139500.00, 23770500.00, 'VND', NULL, '2025-04-30', 'paid', '2025-04-30 21:31:36', 1, 'Lương tháng 04/2023', 'bank_transfer', 'PAY-7279-20250430'),
(7280, 5, '2023-04-01', '2023-04-30', 21.0, 26000000.00, 2600000.00, 1300000.00, 0.00, 29900000.00, 2990000.00, 3139500.00, 23770500.00, 'VND', NULL, '2025-04-30', 'paid', '2025-04-30 21:31:36', 1, 'Lương tháng 04/2023', 'bank_transfer', 'PAY-7280-20250430'),
(7281, 6, '2023-04-01', '2023-04-30', 21.0, 26000000.00, 2600000.00, 1300000.00, 0.00, 29900000.00, 2990000.00, 3139500.00, 23770500.00, 'VND', NULL, '2025-04-30', 'paid', '2025-04-30 21:31:36', 1, 'Lương tháng 04/2023', 'bank_transfer', 'PAY-7281-20250430'),
(7282, 7, '2023-04-01', '2023-04-30', 21.0, 26000000.00, 2600000.00, 1300000.00, 0.00, 29900000.00, 2990000.00, 3139500.00, 23770500.00, 'VND', NULL, '2025-04-30', 'paid', '2025-04-30 21:31:36', 1, 'Lương tháng 04/2023', 'bank_transfer', 'PAY-7282-20250430'),
(7283, 8, '2023-04-01', '2023-04-30', 21.0, 26000000.00, 2600000.00, 1300000.00, 0.00, 29900000.00, 2990000.00, 3139500.00, 23770500.00, 'VND', NULL, '2025-04-30', 'paid', '2025-04-30 21:31:36', 1, 'Lương tháng 04/2023', 'bank_transfer', 'PAY-7283-20250430'),
(7284, 9, '2023-04-01', '2023-04-30', 21.0, 26000000.00, 2600000.00, 1300000.00, 0.00, 29900000.00, 2990000.00, 3139500.00, 23770500.00, 'VND', NULL, '2025-04-30', 'paid', '2025-04-30 21:31:36', 1, 'Lương tháng 04/2023', 'bank_transfer', 'PAY-7284-20250430'),
(7285, 10, '2023-04-01', '2023-04-30', 21.0, 26000000.00, 2600000.00, 1300000.00, 0.00, 29900000.00, 2990000.00, 3139500.00, 23770500.00, 'VND', NULL, '2025-04-30', 'paid', '2025-04-30 21:31:36', 1, 'Lương tháng 04/2023', 'bank_transfer', 'PAY-7285-20250430'),
(7286, 1, '2023-05-01', '2023-05-31', 22.0, 28000000.00, 2800000.00, 1400000.00, 0.00, 32200000.00, 3220000.00, 3381000.00, 25599000.00, 'VND', NULL, '2025-04-30', 'paid', '2025-04-30 21:31:36', 1, 'Lương tháng 05/2023', 'bank_transfer', 'PAY-7286-20250430'),
(7287, 2, '2023-05-01', '2023-05-31', 22.0, 28000000.00, 2800000.00, 1400000.00, 0.00, 32200000.00, 3220000.00, 3381000.00, 25599000.00, 'VND', NULL, '2025-04-30', 'paid', '2025-04-30 21:31:36', 1, 'Lương tháng 05/2023', 'bank_transfer', 'PAY-7287-20250430'),
(7288, 3, '2023-05-01', '2023-05-31', 22.0, 28000000.00, 2800000.00, 1400000.00, 0.00, 32200000.00, 3220000.00, 3381000.00, 25599000.00, 'VND', NULL, '2025-04-30', 'paid', '2025-04-30 21:31:36', 1, 'Lương tháng 05/2023', 'bank_transfer', 'PAY-7288-20250430'),
(7289, 4, '2023-05-01', '2023-05-31', 22.0, 28000000.00, 2800000.00, 1400000.00, 0.00, 32200000.00, 3220000.00, 3381000.00, 25599000.00, 'VND', NULL, '2025-04-30', 'paid', '2025-04-30 21:31:36', 1, 'Lương tháng 05/2023', 'bank_transfer', 'PAY-7289-20250430'),
(7290, 5, '2023-05-01', '2023-05-31', 22.0, 28000000.00, 2800000.00, 1400000.00, 0.00, 32200000.00, 3220000.00, 3381000.00, 25599000.00, 'VND', NULL, '2025-04-30', 'paid', '2025-04-30 21:31:36', 1, 'Lương tháng 05/2023', 'bank_transfer', 'PAY-7290-20250430'),
(7291, 6, '2023-05-01', '2023-05-31', 22.0, 28000000.00, 2800000.00, 1400000.00, 0.00, 32200000.00, 3220000.00, 3381000.00, 25599000.00, 'VND', NULL, '2025-04-30', 'paid', '2025-04-30 21:31:36', 1, 'Lương tháng 05/2023', 'bank_transfer', 'PAY-7291-20250430'),
(7292, 7, '2023-05-01', '2023-05-31', 22.0, 28000000.00, 2800000.00, 1400000.00, 0.00, 32200000.00, 3220000.00, 3381000.00, 25599000.00, 'VND', NULL, '2025-04-30', 'paid', '2025-04-30 21:31:36', 1, 'Lương tháng 05/2023', 'bank_transfer', 'PAY-7292-20250430'),
(7293, 8, '2023-05-01', '2023-05-31', 22.0, 28000000.00, 2800000.00, 1400000.00, 0.00, 32200000.00, 3220000.00, 3381000.00, 25599000.00, 'VND', NULL, '2025-04-30', 'paid', '2025-04-30 21:31:36', 1, 'Lương tháng 05/2023', 'bank_transfer', 'PAY-7293-20250430'),
(7294, 9, '2023-05-01', '2023-05-31', 22.0, 28000000.00, 2800000.00, 1400000.00, 0.00, 32200000.00, 3220000.00, 3381000.00, 25599000.00, 'VND', NULL, '2025-04-30', 'paid', '2025-04-30 21:31:36', 1, 'Lương tháng 05/2023', 'bank_transfer', 'PAY-7294-20250430'),
(7295, 10, '2023-05-01', '2023-05-31', 22.0, 28000000.00, 2800000.00, 1400000.00, 0.00, 32200000.00, 3220000.00, 3381000.00, 25599000.00, 'VND', NULL, '2025-04-30', 'paid', '2025-04-30 21:31:36', 1, 'Lương tháng 05/2023', 'bank_transfer', 'PAY-7295-20250430'),
(7296, 1, '2023-06-01', '2023-06-30', 21.0, 24000000.00, 2400000.00, 1200000.00, 0.00, 27600000.00, 2760000.00, 2898000.00, 21942000.00, 'VND', NULL, '2025-04-30', 'paid', '2025-04-30 21:31:36', 1, 'Lương tháng 06/2023', 'bank_transfer', 'PAY-7296-20250430'),
(7297, 2, '2023-06-01', '2023-06-30', 21.0, 24000000.00, 2400000.00, 1200000.00, 0.00, 27600000.00, 2760000.00, 2898000.00, 21942000.00, 'VND', NULL, '2025-04-30', 'paid', '2025-04-30 21:31:36', 1, 'Lương tháng 06/2023', 'bank_transfer', 'PAY-7297-20250430'),
(7298, 3, '2023-06-01', '2023-06-30', 21.0, 24000000.00, 2400000.00, 1200000.00, 0.00, 27600000.00, 2760000.00, 2898000.00, 21942000.00, 'VND', NULL, '2025-04-30', 'paid', '2025-04-30 21:31:36', 1, 'Lương tháng 06/2023', 'bank_transfer', 'PAY-7298-20250430'),
(7299, 4, '2023-06-01', '2023-06-30', 21.0, 24000000.00, 2400000.00, 1200000.00, 0.00, 27600000.00, 2760000.00, 2898000.00, 21942000.00, 'VND', NULL, '2025-04-30', 'paid', '2025-04-30 21:31:36', 1, 'Lương tháng 06/2023', 'bank_transfer', 'PAY-7299-20250430'),
(7300, 5, '2023-06-01', '2023-06-30', 21.0, 24000000.00, 2400000.00, 1200000.00, 0.00, 27600000.00, 2760000.00, 2898000.00, 21942000.00, 'VND', NULL, '2025-04-30', 'paid', '2025-04-30 21:31:36', 1, 'Lương tháng 06/2023', 'bank_transfer', 'PAY-7300-20250430'),
(7301, 6, '2023-06-01', '2023-06-30', 21.0, 24000000.00, 2400000.00, 1200000.00, 0.00, 27600000.00, 2760000.00, 2898000.00, 21942000.00, 'VND', NULL, '2025-04-30', 'paid', '2025-04-30 21:31:36', 1, 'Lương tháng 06/2023', 'bank_transfer', 'PAY-7301-20250430'),
(7302, 7, '2023-06-01', '2023-06-30', 21.0, 24000000.00, 2400000.00, 1200000.00, 0.00, 27600000.00, 2760000.00, 2898000.00, 21942000.00, 'VND', NULL, '2025-04-30', 'paid', '2025-04-30 21:31:36', 1, 'Lương tháng 06/2023', 'bank_transfer', 'PAY-7302-20250430'),
(7303, 8, '2023-06-01', '2023-06-30', 21.0, 24000000.00, 2400000.00, 1200000.00, 0.00, 27600000.00, 2760000.00, 2898000.00, 21942000.00, 'VND', NULL, '2025-04-30', 'paid', '2025-04-30 21:31:36', 1, 'Lương tháng 06/2023', 'bank_transfer', 'PAY-7303-20250430'),
(7304, 9, '2023-06-01', '2023-06-30', 21.0, 24000000.00, 2400000.00, 1200000.00, 0.00, 27600000.00, 2760000.00, 2898000.00, 21942000.00, 'VND', NULL, '2025-04-30', 'paid', '2025-04-30 21:31:36', 1, 'Lương tháng 06/2023', 'bank_transfer', 'PAY-7304-20250430'),
(7305, 10, '2023-06-01', '2023-06-30', 21.0, 24000000.00, 2400000.00, 1200000.00, 0.00, 27600000.00, 2760000.00, 2898000.00, 21942000.00, 'VND', NULL, '2025-04-30', 'paid', '2025-04-30 21:31:36', 1, 'Lương tháng 06/2023', 'bank_transfer', 'PAY-7305-20250430'),
(7306, 1, '2023-07-01', '2023-07-31', 22.0, 29000000.00, 2900000.00, 1450000.00, 0.00, 33350000.00, 3335000.00, 3501750.00, 26513250.00, 'VND', NULL, '2025-04-30', 'paid', '2025-04-30 21:31:36', 1, 'Lương tháng 07/2023', 'bank_transfer', 'PAY-7306-20250430'),
(7307, 2, '2023-07-01', '2023-07-31', 22.0, 29000000.00, 2900000.00, 1450000.00, 0.00, 33350000.00, 3335000.00, 3501750.00, 26513250.00, 'VND', NULL, '2025-04-30', 'paid', '2025-04-30 21:31:36', 1, 'Lương tháng 07/2023', 'bank_transfer', 'PAY-7307-20250430'),
(7308, 3, '2023-07-01', '2023-07-31', 22.0, 29000000.00, 2900000.00, 1450000.00, 0.00, 33350000.00, 3335000.00, 3501750.00, 26513250.00, 'VND', NULL, '2025-04-30', 'paid', '2025-04-30 21:31:36', 1, 'Lương tháng 07/2023', 'bank_transfer', 'PAY-7308-20250430'),
(7309, 4, '2023-07-01', '2023-07-31', 22.0, 29000000.00, 2900000.00, 1450000.00, 0.00, 33350000.00, 3335000.00, 3501750.00, 26513250.00, 'VND', NULL, '2025-04-30', 'paid', '2025-04-30 21:31:36', 1, 'Lương tháng 07/2023', 'bank_transfer', 'PAY-7309-20250430'),
(7310, 5, '2023-07-01', '2023-07-31', 22.0, 29000000.00, 2900000.00, 1450000.00, 0.00, 33350000.00, 3335000.00, 3501750.00, 26513250.00, 'VND', NULL, '2025-04-30', 'paid', '2025-04-30 21:31:36', 1, 'Lương tháng 07/2023', 'bank_transfer', 'PAY-7310-20250430'),
(7311, 6, '2023-07-01', '2023-07-31', 22.0, 29000000.00, 2900000.00, 1450000.00, 0.00, 33350000.00, 3335000.00, 3501750.00, 26513250.00, 'VND', NULL, '2025-04-30', 'paid', '2025-04-30 21:31:36', 1, 'Lương tháng 07/2023', 'bank_transfer', 'PAY-7311-20250430'),
(7312, 7, '2023-07-01', '2023-07-31', 22.0, 29000000.00, 2900000.00, 1450000.00, 0.00, 33350000.00, 3335000.00, 3501750.00, 26513250.00, 'VND', NULL, '2025-04-30', 'paid', '2025-04-30 21:31:36', 1, 'Lương tháng 07/2023', 'bank_transfer', 'PAY-7312-20250430'),
(7313, 8, '2023-07-01', '2023-07-31', 22.0, 29000000.00, 2900000.00, 1450000.00, 0.00, 33350000.00, 3335000.00, 3501750.00, 26513250.00, 'VND', NULL, '2025-04-30', 'paid', '2025-04-30 21:31:36', 1, 'Lương tháng 07/2023', 'bank_transfer', 'PAY-7313-20250430'),
(7314, 9, '2023-07-01', '2023-07-31', 22.0, 29000000.00, 2900000.00, 1450000.00, 0.00, 33350000.00, 3335000.00, 3501750.00, 26513250.00, 'VND', NULL, '2025-04-30', 'paid', '2025-04-30 21:31:36', 1, 'Lương tháng 07/2023', 'bank_transfer', 'PAY-7314-20250430'),
(7315, 10, '2023-07-01', '2023-07-31', 22.0, 29000000.00, 2900000.00, 1450000.00, 0.00, 33350000.00, 3335000.00, 3501750.00, 26513250.00, 'VND', NULL, '2025-04-30', 'paid', '2025-04-30 21:31:36', 1, 'Lương tháng 07/2023', 'bank_transfer', 'PAY-7315-20250430'),
(7316, 1, '2023-08-01', '2023-08-31', 22.0, 26000000.00, 2600000.00, 1300000.00, 0.00, 29900000.00, 2990000.00, 3139500.00, 23770500.00, 'VND', NULL, '2025-04-30', 'paid', '2025-04-30 21:31:36', 1, 'Lương tháng 08/2023', 'bank_transfer', 'PAY-7316-20250430'),
(7317, 2, '2023-08-01', '2023-08-31', 22.0, 26000000.00, 2600000.00, 1300000.00, 0.00, 29900000.00, 2990000.00, 3139500.00, 23770500.00, 'VND', NULL, '2025-04-30', 'paid', '2025-04-30 21:31:36', 1, 'Lương tháng 08/2023', 'bank_transfer', 'PAY-7317-20250430'),
(7318, 3, '2023-08-01', '2023-08-31', 22.0, 26000000.00, 2600000.00, 1300000.00, 0.00, 29900000.00, 2990000.00, 3139500.00, 23770500.00, 'VND', NULL, '2025-04-30', 'paid', '2025-04-30 21:31:36', 1, 'Lương tháng 08/2023', 'bank_transfer', 'PAY-7318-20250430'),
(7319, 4, '2023-08-01', '2023-08-31', 22.0, 26000000.00, 2600000.00, 1300000.00, 0.00, 29900000.00, 2990000.00, 3139500.00, 23770500.00, 'VND', NULL, '2025-04-30', 'paid', '2025-04-30 21:31:36', 1, 'Lương tháng 08/2023', 'bank_transfer', 'PAY-7319-20250430'),
(7320, 5, '2023-08-01', '2023-08-31', 22.0, 26000000.00, 2600000.00, 1300000.00, 0.00, 29900000.00, 2990000.00, 3139500.00, 23770500.00, 'VND', NULL, '2025-04-30', 'paid', '2025-04-30 21:31:36', 1, 'Lương tháng 08/2023', 'bank_transfer', 'PAY-7320-20250430'),
(7321, 6, '2023-08-01', '2023-08-31', 22.0, 26000000.00, 2600000.00, 1300000.00, 0.00, 29900000.00, 2990000.00, 3139500.00, 23770500.00, 'VND', NULL, '2025-04-30', 'paid', '2025-04-30 21:31:36', 1, 'Lương tháng 08/2023', 'bank_transfer', 'PAY-7321-20250430'),
(7322, 7, '2023-08-01', '2023-08-31', 22.0, 26000000.00, 2600000.00, 1300000.00, 0.00, 29900000.00, 2990000.00, 3139500.00, 23770500.00, 'VND', NULL, '2025-04-30', 'paid', '2025-04-30 21:31:36', 1, 'Lương tháng 08/2023', 'bank_transfer', 'PAY-7322-20250430'),
(7323, 8, '2023-08-01', '2023-08-31', 22.0, 26000000.00, 2600000.00, 1300000.00, 0.00, 29900000.00, 2990000.00, 3139500.00, 23770500.00, 'VND', NULL, '2025-04-30', 'paid', '2025-04-30 21:31:36', 1, 'Lương tháng 08/2023', 'bank_transfer', 'PAY-7323-20250430'),
(7324, 9, '2023-08-01', '2023-08-31', 22.0, 26000000.00, 2600000.00, 1300000.00, 0.00, 29900000.00, 2990000.00, 3139500.00, 23770500.00, 'VND', NULL, '2025-04-30', 'paid', '2025-04-30 21:31:36', 1, 'Lương tháng 08/2023', 'bank_transfer', 'PAY-7324-20250430'),
(7325, 10, '2023-08-01', '2023-08-31', 22.0, 26000000.00, 2600000.00, 1300000.00, 0.00, 29900000.00, 2990000.00, 3139500.00, 23770500.00, 'VND', NULL, '2025-04-30', 'paid', '2025-04-30 21:31:36', 1, 'Lương tháng 08/2023', 'bank_transfer', 'PAY-7325-20250430'),
(7326, 1, '2023-09-01', '2023-09-30', 21.0, 27000000.00, 2700000.00, 1350000.00, 0.00, 31050000.00, 3105000.00, 3260250.00, 24684750.00, 'VND', NULL, '2025-04-30', 'paid', '2025-04-30 21:31:36', 1, 'Lương tháng 09/2023', 'bank_transfer', 'PAY-7326-20250430'),
(7327, 2, '2023-09-01', '2023-09-30', 21.0, 27000000.00, 2700000.00, 1350000.00, 0.00, 31050000.00, 3105000.00, 3260250.00, 24684750.00, 'VND', NULL, '2025-04-30', 'paid', '2025-04-30 21:31:36', 1, 'Lương tháng 09/2023', 'bank_transfer', 'PAY-7327-20250430'),
(7328, 3, '2023-09-01', '2023-09-30', 21.0, 27000000.00, 2700000.00, 1350000.00, 0.00, 31050000.00, 3105000.00, 3260250.00, 24684750.00, 'VND', NULL, '2025-04-30', 'paid', '2025-04-30 21:31:36', 1, 'Lương tháng 09/2023', 'bank_transfer', 'PAY-7328-20250430'),
(7329, 4, '2023-09-01', '2023-09-30', 21.0, 27000000.00, 2700000.00, 1350000.00, 0.00, 31050000.00, 3105000.00, 3260250.00, 24684750.00, 'VND', NULL, '2025-04-30', 'paid', '2025-04-30 21:31:36', 1, 'Lương tháng 09/2023', 'bank_transfer', 'PAY-7329-20250430'),
(7330, 5, '2023-09-01', '2023-09-30', 21.0, 27000000.00, 2700000.00, 1350000.00, 0.00, 31050000.00, 3105000.00, 3260250.00, 24684750.00, 'VND', NULL, '2025-04-30', 'paid', '2025-04-30 21:31:36', 1, 'Lương tháng 09/2023', 'bank_transfer', 'PAY-7330-20250430'),
(7331, 6, '2023-09-01', '2023-09-30', 21.0, 27000000.00, 2700000.00, 1350000.00, 0.00, 31050000.00, 3105000.00, 3260250.00, 24684750.00, 'VND', NULL, '2025-04-30', 'paid', '2025-04-30 21:31:36', 1, 'Lương tháng 09/2023', 'bank_transfer', 'PAY-7331-20250430'),
(7332, 7, '2023-09-01', '2023-09-30', 21.0, 27000000.00, 2700000.00, 1350000.00, 0.00, 31050000.00, 3105000.00, 3260250.00, 24684750.00, 'VND', NULL, '2025-04-30', 'paid', '2025-04-30 21:31:36', 1, 'Lương tháng 09/2023', 'bank_transfer', 'PAY-7332-20250430'),
(7333, 8, '2023-09-01', '2023-09-30', 21.0, 27000000.00, 2700000.00, 1350000.00, 0.00, 31050000.00, 3105000.00, 3260250.00, 24684750.00, 'VND', NULL, '2025-04-30', 'paid', '2025-04-30 21:31:36', 1, 'Lương tháng 09/2023', 'bank_transfer', 'PAY-7333-20250430'),
(7334, 9, '2023-09-01', '2023-09-30', 21.0, 27000000.00, 2700000.00, 1350000.00, 0.00, 31050000.00, 3105000.00, 3260250.00, 24684750.00, 'VND', NULL, '2025-04-30', 'paid', '2025-04-30 21:31:36', 1, 'Lương tháng 09/2023', 'bank_transfer', 'PAY-7334-20250430'),
(7335, 10, '2023-09-01', '2023-09-30', 21.0, 27000000.00, 2700000.00, 1350000.00, 0.00, 31050000.00, 3105000.00, 3260250.00, 24684750.00, 'VND', NULL, '2025-04-30', 'paid', '2025-04-30 21:31:36', 1, 'Lương tháng 09/2023', 'bank_transfer', 'PAY-7335-20250430'),
(7336, 1, '2023-10-01', '2023-10-31', 22.0, 25000000.00, 2500000.00, 1250000.00, 0.00, 28750000.00, 2875000.00, 3018750.00, 22856250.00, 'VND', NULL, '2025-04-30', 'paid', '2025-04-30 21:31:36', 1, 'Lương tháng 10/2023', 'bank_transfer', 'PAY-7336-20250430'),
(7337, 2, '2023-10-01', '2023-10-31', 22.0, 25000000.00, 2500000.00, 1250000.00, 0.00, 28750000.00, 2875000.00, 3018750.00, 22856250.00, 'VND', NULL, '2025-04-30', 'paid', '2025-04-30 21:31:36', 1, 'Lương tháng 10/2023', 'bank_transfer', 'PAY-7337-20250430'),
(7338, 3, '2023-10-01', '2023-10-31', 22.0, 25000000.00, 2500000.00, 1250000.00, 0.00, 28750000.00, 2875000.00, 3018750.00, 22856250.00, 'VND', NULL, '2025-04-30', 'paid', '2025-04-30 21:31:36', 1, 'Lương tháng 10/2023', 'bank_transfer', 'PAY-7338-20250430'),
(7339, 4, '2023-10-01', '2023-10-31', 22.0, 25000000.00, 2500000.00, 1250000.00, 0.00, 28750000.00, 2875000.00, 3018750.00, 22856250.00, 'VND', NULL, '2025-04-30', 'paid', '2025-04-30 21:31:36', 1, 'Lương tháng 10/2023', 'bank_transfer', 'PAY-7339-20250430'),
(7340, 5, '2023-10-01', '2023-10-31', 22.0, 25000000.00, 2500000.00, 1250000.00, 0.00, 28750000.00, 2875000.00, 3018750.00, 22856250.00, 'VND', NULL, '2025-04-30', 'paid', '2025-04-30 21:31:36', 1, 'Lương tháng 10/2023', 'bank_transfer', 'PAY-7340-20250430'),
(7341, 6, '2023-10-01', '2023-10-31', 22.0, 25000000.00, 2500000.00, 1250000.00, 0.00, 28750000.00, 2875000.00, 3018750.00, 22856250.00, 'VND', NULL, '2025-04-30', 'paid', '2025-04-30 21:31:36', 1, 'Lương tháng 10/2023', 'bank_transfer', 'PAY-7341-20250430'),
(7342, 7, '2023-10-01', '2023-10-31', 22.0, 25000000.00, 2500000.00, 1250000.00, 0.00, 28750000.00, 2875000.00, 3018750.00, 22856250.00, 'VND', NULL, '2025-04-30', 'paid', '2025-04-30 21:31:36', 1, 'Lương tháng 10/2023', 'bank_transfer', 'PAY-7342-20250430'),
(7343, 8, '2023-10-01', '2023-10-31', 22.0, 25000000.00, 2500000.00, 1250000.00, 0.00, 28750000.00, 2875000.00, 3018750.00, 22856250.00, 'VND', NULL, '2025-04-30', 'paid', '2025-04-30 21:31:36', 1, 'Lương tháng 10/2023', 'bank_transfer', 'PAY-7343-20250430'),
(7344, 9, '2023-10-01', '2023-10-31', 22.0, 25000000.00, 2500000.00, 1250000.00, 0.00, 28750000.00, 2875000.00, 3018750.00, 22856250.00, 'VND', NULL, '2025-04-30', 'paid', '2025-04-30 21:31:36', 1, 'Lương tháng 10/2023', 'bank_transfer', 'PAY-7344-20250430'),
(7345, 10, '2023-10-01', '2023-10-31', 22.0, 25000000.00, 2500000.00, 1250000.00, 0.00, 28750000.00, 2875000.00, 3018750.00, 22856250.00, 'VND', NULL, '2025-04-30', 'paid', '2025-04-30 21:31:36', 1, 'Lương tháng 10/2023', 'bank_transfer', 'PAY-7345-20250430'),
(7346, 1, '2023-11-01', '2023-11-30', 21.0, 28000000.00, 2800000.00, 1400000.00, 0.00, 32200000.00, 3220000.00, 3381000.00, 25599000.00, 'VND', NULL, '2025-04-30', 'paid', '2025-04-30 21:31:36', 1, 'Lương tháng 11/2023', 'bank_transfer', 'PAY-7346-20250430'),
(7347, 2, '2023-11-01', '2023-11-30', 21.0, 28000000.00, 2800000.00, 1400000.00, 0.00, 32200000.00, 3220000.00, 3381000.00, 25599000.00, 'VND', NULL, '2025-04-30', 'paid', '2025-04-30 21:31:36', 1, 'Lương tháng 11/2023', 'bank_transfer', 'PAY-7347-20250430'),
(7348, 3, '2023-11-01', '2023-11-30', 21.0, 28000000.00, 2800000.00, 1400000.00, 0.00, 32200000.00, 3220000.00, 3381000.00, 25599000.00, 'VND', NULL, '2025-04-30', 'paid', '2025-04-30 21:31:36', 1, 'Lương tháng 11/2023', 'bank_transfer', 'PAY-7348-20250430'),
(7349, 4, '2023-11-01', '2023-11-30', 21.0, 28000000.00, 2800000.00, 1400000.00, 0.00, 32200000.00, 3220000.00, 3381000.00, 25599000.00, 'VND', NULL, '2025-04-30', 'paid', '2025-04-30 21:31:36', 1, 'Lương tháng 11/2023', 'bank_transfer', 'PAY-7349-20250430'),
(7350, 5, '2023-11-01', '2023-11-30', 21.0, 28000000.00, 2800000.00, 1400000.00, 0.00, 32200000.00, 3220000.00, 3381000.00, 25599000.00, 'VND', NULL, '2025-04-30', 'paid', '2025-04-30 21:31:36', 1, 'Lương tháng 11/2023', 'bank_transfer', 'PAY-7350-20250430'),
(7351, 6, '2023-11-01', '2023-11-30', 21.0, 28000000.00, 2800000.00, 1400000.00, 0.00, 32200000.00, 3220000.00, 3381000.00, 25599000.00, 'VND', NULL, '2025-04-30', 'paid', '2025-04-30 21:31:36', 1, 'Lương tháng 11/2023', 'bank_transfer', 'PAY-7351-20250430'),
(7352, 7, '2023-11-01', '2023-11-30', 21.0, 28000000.00, 2800000.00, 1400000.00, 0.00, 32200000.00, 3220000.00, 3381000.00, 25599000.00, 'VND', NULL, '2025-04-30', 'paid', '2025-04-30 21:31:36', 1, 'Lương tháng 11/2023', 'bank_transfer', 'PAY-7352-20250430'),
(7353, 8, '2023-11-01', '2023-11-30', 21.0, 28000000.00, 2800000.00, 1400000.00, 0.00, 32200000.00, 3220000.00, 3381000.00, 25599000.00, 'VND', NULL, '2025-04-30', 'paid', '2025-04-30 21:31:36', 1, 'Lương tháng 11/2023', 'bank_transfer', 'PAY-7353-20250430'),
(7354, 9, '2023-11-01', '2023-11-30', 21.0, 28000000.00, 2800000.00, 1400000.00, 0.00, 32200000.00, 3220000.00, 3381000.00, 25599000.00, 'VND', NULL, '2025-04-30', 'paid', '2025-04-30 21:31:36', 1, 'Lương tháng 11/2023', 'bank_transfer', 'PAY-7354-20250430'),
(7355, 10, '2023-11-01', '2023-11-30', 21.0, 28000000.00, 2800000.00, 1400000.00, 0.00, 32200000.00, 3220000.00, 3381000.00, 25599000.00, 'VND', NULL, '2025-04-30', 'paid', '2025-04-30 21:31:36', 1, 'Lương tháng 11/2023', 'bank_transfer', 'PAY-7355-20250430'),
(7356, 1, '2023-12-01', '2023-12-31', 22.0, 30000000.00, 3000000.00, 1500000.00, 0.00, 34500000.00, 3450000.00, 3622500.00, 27427500.00, 'VND', NULL, '2025-04-30', 'paid', '2025-04-30 21:31:36', 1, 'Lương tháng 12/2023', 'bank_transfer', 'PAY-7356-20250430'),
(7357, 2, '2023-12-01', '2023-12-31', 22.0, 30000000.00, 3000000.00, 1500000.00, 0.00, 34500000.00, 3450000.00, 3622500.00, 27427500.00, 'VND', NULL, '2025-04-30', 'paid', '2025-04-30 21:31:36', 1, 'Lương tháng 12/2023', 'bank_transfer', 'PAY-7357-20250430'),
(7358, 3, '2023-12-01', '2023-12-31', 22.0, 30000000.00, 3000000.00, 1500000.00, 0.00, 34500000.00, 3450000.00, 3622500.00, 27427500.00, 'VND', NULL, '2025-04-30', 'paid', '2025-04-30 21:31:36', 1, 'Lương tháng 12/2023', 'bank_transfer', 'PAY-7358-20250430'),
(7359, 4, '2023-12-01', '2023-12-31', 22.0, 30000000.00, 3000000.00, 1500000.00, 0.00, 34500000.00, 3450000.00, 3622500.00, 27427500.00, 'VND', NULL, '2025-04-30', 'paid', '2025-04-30 21:31:36', 1, 'Lương tháng 12/2023', 'bank_transfer', 'PAY-7359-20250430'),
(7360, 5, '2023-12-01', '2023-12-31', 22.0, 30000000.00, 3000000.00, 1500000.00, 0.00, 34500000.00, 3450000.00, 3622500.00, 27427500.00, 'VND', NULL, '2025-04-30', 'paid', '2025-04-30 21:31:36', 1, 'Lương tháng 12/2023', 'bank_transfer', 'PAY-7360-20250430'),
(7361, 6, '2023-12-01', '2023-12-31', 22.0, 30000000.00, 3000000.00, 1500000.00, 0.00, 34500000.00, 3450000.00, 3622500.00, 27427500.00, 'VND', NULL, '2025-04-30', 'paid', '2025-04-30 21:31:36', 1, 'Lương tháng 12/2023', 'bank_transfer', 'PAY-7361-20250430'),
(7362, 7, '2023-12-01', '2023-12-31', 22.0, 30000000.00, 3000000.00, 1500000.00, 0.00, 34500000.00, 3450000.00, 3622500.00, 27427500.00, 'VND', NULL, '2025-04-30', 'paid', '2025-04-30 21:31:36', 1, 'Lương tháng 12/2023', 'bank_transfer', 'PAY-7362-20250430'),
(7363, 8, '2023-12-01', '2023-12-31', 22.0, 30000000.00, 3000000.00, 1500000.00, 0.00, 34500000.00, 3450000.00, 3622500.00, 27427500.00, 'VND', NULL, '2025-04-30', 'paid', '2025-04-30 21:31:36', 1, 'Lương tháng 12/2023', 'bank_transfer', 'PAY-7363-20250430'),
(7364, 9, '2023-12-01', '2023-12-31', 22.0, 30000000.00, 3000000.00, 1500000.00, 0.00, 34500000.00, 3450000.00, 3622500.00, 27427500.00, 'VND', NULL, '2025-04-30', 'paid', '2025-04-30 21:31:36', 1, 'Lương tháng 12/2023', 'bank_transfer', 'PAY-7364-20250430'),
(7365, 10, '2023-12-01', '2023-12-31', 22.0, 30000000.00, 3000000.00, 1500000.00, 0.00, 34500000.00, 3450000.00, 3622500.00, 27427500.00, 'VND', NULL, '2025-04-30', 'paid', '2025-04-30 21:31:36', 1, 'Lương tháng 12/2023', 'bank_transfer', 'PAY-7365-20250430'),
(7366, 1, '2024-01-01', '2024-01-31', 22.0, 27500000.00, 2750000.00, 1375000.00, 0.00, 31625000.00, 3162500.00, 3320625.00, 25141875.00, 'VND', NULL, '2025-04-30', 'paid', '2025-04-30 21:31:37', 1, 'Lương tháng 01/2024', 'bank_transfer', 'PAY-7366-20250430'),
(7367, 2, '2024-01-01', '2024-01-31', 22.0, 27500000.00, 2750000.00, 1375000.00, 0.00, 31625000.00, 3162500.00, 3320625.00, 25141875.00, 'VND', NULL, '2025-04-30', 'paid', '2025-04-30 21:31:37', 1, 'Lương tháng 01/2024', 'bank_transfer', 'PAY-7367-20250430'),
(7368, 3, '2024-01-01', '2024-01-31', 22.0, 27500000.00, 2750000.00, 1375000.00, 0.00, 31625000.00, 3162500.00, 3320625.00, 25141875.00, 'VND', NULL, '2025-04-30', 'paid', '2025-04-30 21:31:37', 1, 'Lương tháng 01/2024', 'bank_transfer', 'PAY-7368-20250430'),
(7369, 4, '2024-01-01', '2024-01-31', 22.0, 27500000.00, 2750000.00, 1375000.00, 0.00, 31625000.00, 3162500.00, 3320625.00, 25141875.00, 'VND', NULL, '2025-04-30', 'paid', '2025-04-30 21:31:37', 1, 'Lương tháng 01/2024', 'bank_transfer', 'PAY-7369-20250430'),
(7370, 5, '2024-01-01', '2024-01-31', 22.0, 27500000.00, 2750000.00, 1375000.00, 0.00, 31625000.00, 3162500.00, 3320625.00, 25141875.00, 'VND', NULL, '2025-04-30', 'paid', '2025-04-30 21:31:37', 1, 'Lương tháng 01/2024', 'bank_transfer', 'PAY-7370-20250430'),
(7371, 6, '2024-01-01', '2024-01-31', 22.0, 27500000.00, 2750000.00, 1375000.00, 0.00, 31625000.00, 3162500.00, 3320625.00, 25141875.00, 'VND', NULL, '2025-04-30', 'paid', '2025-04-30 21:31:37', 1, 'Lương tháng 01/2024', 'bank_transfer', 'PAY-7371-20250430'),
(7372, 7, '2024-01-01', '2024-01-31', 22.0, 27500000.00, 2750000.00, 1375000.00, 0.00, 31625000.00, 3162500.00, 3320625.00, 25141875.00, 'VND', NULL, '2025-04-30', 'paid', '2025-04-30 21:31:37', 1, 'Lương tháng 01/2024', 'bank_transfer', 'PAY-7372-20250430'),
(7373, 8, '2024-01-01', '2024-01-31', 22.0, 27500000.00, 2750000.00, 1375000.00, 0.00, 31625000.00, 3162500.00, 3320625.00, 25141875.00, 'VND', NULL, '2025-04-30', 'paid', '2025-04-30 21:31:37', 1, 'Lương tháng 01/2024', 'bank_transfer', 'PAY-7373-20250430'),
(7374, 9, '2024-01-01', '2024-01-31', 22.0, 27500000.00, 2750000.00, 1375000.00, 0.00, 31625000.00, 3162500.00, 3320625.00, 25141875.00, 'VND', NULL, '2025-04-30', 'paid', '2025-04-30 21:31:37', 1, 'Lương tháng 01/2024', 'bank_transfer', 'PAY-7374-20250430'),
(7375, 10, '2024-01-01', '2024-01-31', 22.0, 27500000.00, 2750000.00, 1375000.00, 0.00, 31625000.00, 3162500.00, 3320625.00, 25141875.00, 'VND', NULL, '2025-04-30', 'paid', '2025-04-30 21:31:37', 1, 'Lương tháng 01/2024', 'bank_transfer', 'PAY-7375-20250430'),
(7376, 1, '2024-02-01', '2024-02-29', 20.0, 25300000.00, 2530000.00, 1265000.00, 0.00, 29095000.00, 2909500.00, 3054975.00, 23130525.00, 'VND', NULL, '2025-04-30', 'paid', '2025-04-30 21:31:37', 1, 'Lương tháng 02/2024', 'bank_transfer', 'PAY-7376-20250430'),
(7377, 2, '2024-02-01', '2024-02-29', 20.0, 25300000.00, 2530000.00, 1265000.00, 0.00, 29095000.00, 2909500.00, 3054975.00, 23130525.00, 'VND', NULL, '2025-04-30', 'paid', '2025-04-30 21:31:37', 1, 'Lương tháng 02/2024', 'bank_transfer', 'PAY-7377-20250430'),
(7378, 3, '2024-02-01', '2024-02-29', 20.0, 25300000.00, 2530000.00, 1265000.00, 0.00, 29095000.00, 2909500.00, 3054975.00, 23130525.00, 'VND', NULL, '2025-04-30', 'paid', '2025-04-30 21:31:37', 1, 'Lương tháng 02/2024', 'bank_transfer', 'PAY-7378-20250430'),
(7379, 4, '2024-02-01', '2024-02-29', 20.0, 25300000.00, 2530000.00, 1265000.00, 0.00, 29095000.00, 2909500.00, 3054975.00, 23130525.00, 'VND', NULL, '2025-04-30', 'paid', '2025-04-30 21:31:37', 1, 'Lương tháng 02/2024', 'bank_transfer', 'PAY-7379-20250430'),
(7380, 5, '2024-02-01', '2024-02-29', 20.0, 25300000.00, 2530000.00, 1265000.00, 0.00, 29095000.00, 2909500.00, 3054975.00, 23130525.00, 'VND', NULL, '2025-04-30', 'paid', '2025-04-30 21:31:37', 1, 'Lương tháng 02/2024', 'bank_transfer', 'PAY-7380-20250430'),
(7381, 6, '2024-02-01', '2024-02-29', 20.0, 25300000.00, 2530000.00, 1265000.00, 0.00, 29095000.00, 2909500.00, 3054975.00, 23130525.00, 'VND', NULL, '2025-04-30', 'paid', '2025-04-30 21:31:37', 1, 'Lương tháng 02/2024', 'bank_transfer', 'PAY-7381-20250430'),
(7382, 7, '2024-02-01', '2024-02-29', 20.0, 25300000.00, 2530000.00, 1265000.00, 0.00, 29095000.00, 2909500.00, 3054975.00, 23130525.00, 'VND', NULL, '2025-04-30', 'paid', '2025-04-30 21:31:37', 1, 'Lương tháng 02/2024', 'bank_transfer', 'PAY-7382-20250430'),
(7383, 8, '2024-02-01', '2024-02-29', 20.0, 25300000.00, 2530000.00, 1265000.00, 0.00, 29095000.00, 2909500.00, 3054975.00, 23130525.00, 'VND', NULL, '2025-04-30', 'paid', '2025-04-30 21:31:37', 1, 'Lương tháng 02/2024', 'bank_transfer', 'PAY-7383-20250430'),
(7384, 9, '2024-02-01', '2024-02-29', 20.0, 25300000.00, 2530000.00, 1265000.00, 0.00, 29095000.00, 2909500.00, 3054975.00, 23130525.00, 'VND', NULL, '2025-04-30', 'paid', '2025-04-30 21:31:37', 1, 'Lương tháng 02/2024', 'bank_transfer', 'PAY-7384-20250430'),
(7385, 10, '2024-02-01', '2024-02-29', 20.0, 25300000.00, 2530000.00, 1265000.00, 0.00, 29095000.00, 2909500.00, 3054975.00, 23130525.00, 'VND', NULL, '2025-04-30', 'paid', '2025-04-30 21:31:37', 1, 'Lương tháng 02/2024', 'bank_transfer', 'PAY-7385-20250430'),
(7386, 1, '2024-03-01', '2024-03-31', 22.0, 29700000.00, 2970000.00, 1485000.00, 0.00, 34155000.00, 3415500.00, 3586275.00, 27153225.00, 'VND', NULL, '2025-04-30', 'paid', '2025-04-30 21:31:37', 1, 'Lương tháng 03/2024', 'bank_transfer', 'PAY-7386-20250430'),
(7387, 2, '2024-03-01', '2024-03-31', 22.0, 29700000.00, 2970000.00, 1485000.00, 0.00, 34155000.00, 3415500.00, 3586275.00, 27153225.00, 'VND', NULL, '2025-04-30', 'paid', '2025-04-30 21:31:37', 1, 'Lương tháng 03/2024', 'bank_transfer', 'PAY-7387-20250430'),
(7388, 3, '2024-03-01', '2024-03-31', 22.0, 29700000.00, 2970000.00, 1485000.00, 0.00, 34155000.00, 3415500.00, 3586275.00, 27153225.00, 'VND', NULL, '2025-04-30', 'paid', '2025-04-30 21:31:37', 1, 'Lương tháng 03/2024', 'bank_transfer', 'PAY-7388-20250430'),
(7389, 4, '2024-03-01', '2024-03-31', 22.0, 29700000.00, 2970000.00, 1485000.00, 0.00, 34155000.00, 3415500.00, 3586275.00, 27153225.00, 'VND', NULL, '2025-04-30', 'paid', '2025-04-30 21:31:37', 1, 'Lương tháng 03/2024', 'bank_transfer', 'PAY-7389-20250430'),
(7390, 5, '2024-03-01', '2024-03-31', 22.0, 29700000.00, 2970000.00, 1485000.00, 0.00, 34155000.00, 3415500.00, 3586275.00, 27153225.00, 'VND', NULL, '2025-04-30', 'paid', '2025-04-30 21:31:37', 1, 'Lương tháng 03/2024', 'bank_transfer', 'PAY-7390-20250430'),
(7391, 6, '2024-03-01', '2024-03-31', 22.0, 29700000.00, 2970000.00, 1485000.00, 0.00, 34155000.00, 3415500.00, 3586275.00, 27153225.00, 'VND', NULL, '2025-04-30', 'paid', '2025-04-30 21:31:37', 1, 'Lương tháng 03/2024', 'bank_transfer', 'PAY-7391-20250430'),
(7392, 7, '2024-03-01', '2024-03-31', 22.0, 29700000.00, 2970000.00, 1485000.00, 0.00, 34155000.00, 3415500.00, 3586275.00, 27153225.00, 'VND', NULL, '2025-04-30', 'paid', '2025-04-30 21:31:37', 1, 'Lương tháng 03/2024', 'bank_transfer', 'PAY-7392-20250430'),
(7393, 8, '2024-03-01', '2024-03-31', 22.0, 29700000.00, 2970000.00, 1485000.00, 0.00, 34155000.00, 3415500.00, 3586275.00, 27153225.00, 'VND', NULL, '2025-04-30', 'paid', '2025-04-30 21:31:37', 1, 'Lương tháng 03/2024', 'bank_transfer', 'PAY-7393-20250430'),
(7394, 9, '2024-03-01', '2024-03-31', 22.0, 29700000.00, 2970000.00, 1485000.00, 0.00, 34155000.00, 3415500.00, 3586275.00, 27153225.00, 'VND', NULL, '2025-04-30', 'paid', '2025-04-30 21:31:37', 1, 'Lương tháng 03/2024', 'bank_transfer', 'PAY-7394-20250430'),
(7395, 10, '2024-03-01', '2024-03-31', 22.0, 29700000.00, 2970000.00, 1485000.00, 0.00, 34155000.00, 3415500.00, 3586275.00, 27153225.00, 'VND', NULL, '2025-04-30', 'paid', '2025-04-30 21:31:37', 1, 'Lương tháng 03/2024', 'bank_transfer', 'PAY-7395-20250430'),
(7396, 1, '2024-04-01', '2024-04-30', 21.0, 28600000.00, 2860000.00, 1430000.00, 0.00, 32890000.00, 3289000.00, 3453450.00, 26147550.00, 'VND', NULL, '2025-04-30', 'paid', '2025-04-30 21:31:37', 1, 'Lương tháng 04/2024', 'bank_transfer', 'PAY-7396-20250430'),
(7397, 2, '2024-04-01', '2024-04-30', 21.0, 28600000.00, 2860000.00, 1430000.00, 0.00, 32890000.00, 3289000.00, 3453450.00, 26147550.00, 'VND', NULL, '2025-04-30', 'paid', '2025-04-30 21:31:37', 1, 'Lương tháng 04/2024', 'bank_transfer', 'PAY-7397-20250430'),
(7398, 3, '2024-04-01', '2024-04-30', 21.0, 28600000.00, 2860000.00, 1430000.00, 0.00, 32890000.00, 3289000.00, 3453450.00, 26147550.00, 'VND', NULL, '2025-04-30', 'paid', '2025-04-30 21:31:37', 1, 'Lương tháng 04/2024', 'bank_transfer', 'PAY-7398-20250430'),
(7399, 4, '2024-04-01', '2024-04-30', 21.0, 28600000.00, 2860000.00, 1430000.00, 0.00, 32890000.00, 3289000.00, 3453450.00, 26147550.00, 'VND', NULL, '2025-04-30', 'paid', '2025-04-30 21:31:37', 1, 'Lương tháng 04/2024', 'bank_transfer', 'PAY-7399-20250430'),
(7400, 5, '2024-04-01', '2024-04-30', 21.0, 28600000.00, 2860000.00, 1430000.00, 0.00, 32890000.00, 3289000.00, 3453450.00, 26147550.00, 'VND', NULL, '2025-04-30', 'paid', '2025-04-30 21:31:37', 1, 'Lương tháng 04/2024', 'bank_transfer', 'PAY-7400-20250430'),
(7401, 6, '2024-04-01', '2024-04-30', 21.0, 28600000.00, 2860000.00, 1430000.00, 0.00, 32890000.00, 3289000.00, 3453450.00, 26147550.00, 'VND', NULL, '2025-04-30', 'paid', '2025-04-30 21:31:37', 1, 'Lương tháng 04/2024', 'bank_transfer', 'PAY-7401-20250430'),
(7402, 7, '2024-04-01', '2024-04-30', 21.0, 28600000.00, 2860000.00, 1430000.00, 0.00, 32890000.00, 3289000.00, 3453450.00, 26147550.00, 'VND', NULL, '2025-04-30', 'paid', '2025-04-30 21:31:37', 1, 'Lương tháng 04/2024', 'bank_transfer', 'PAY-7402-20250430'),
(7403, 8, '2024-04-01', '2024-04-30', 21.0, 28600000.00, 2860000.00, 1430000.00, 0.00, 32890000.00, 3289000.00, 3453450.00, 26147550.00, 'VND', NULL, '2025-04-30', 'paid', '2025-04-30 21:31:37', 1, 'Lương tháng 04/2024', 'bank_transfer', 'PAY-7403-20250430'),
(7404, 9, '2024-04-01', '2024-04-30', 21.0, 28600000.00, 2860000.00, 1430000.00, 0.00, 32890000.00, 3289000.00, 3453450.00, 26147550.00, 'VND', NULL, '2025-04-30', 'paid', '2025-04-30 21:31:37', 1, 'Lương tháng 04/2024', 'bank_transfer', 'PAY-7404-20250430'),
(7405, 10, '2024-04-01', '2024-04-30', 21.0, 28600000.00, 2860000.00, 1430000.00, 0.00, 32890000.00, 3289000.00, 3453450.00, 26147550.00, 'VND', NULL, '2025-04-30', 'paid', '2025-04-30 21:31:37', 1, 'Lương tháng 04/2024', 'bank_transfer', 'PAY-7405-20250430');


INSERT INTO `payroll_approvals` (`approval_id`, `payroll_id`, `approver_id`, `approval_level`, `status`, `comments`, `approved_at`, `created_at`) VALUES
(1, 7246, 1, 1, 'approved', NULL, '2025-04-30 21:31:36', '2025-05-05 14:04:19'),
(2, 7247, 1, 1, 'approved', NULL, '2025-04-30 21:31:36', '2025-05-05 14:04:19'),
(3, 7248, 1, 1, 'approved', NULL, '2025-04-30 21:31:36', '2025-05-05 14:04:19'),
(4, 7249, 1, 1, 'approved', NULL, '2025-04-30 21:31:36', '2025-05-05 14:04:19'),
(5, 7250, 1, 1, 'approved', NULL, '2025-04-30 21:31:36', '2025-05-05 14:04:19'),
(6, 7251, 1, 1, 'approved', NULL, '2025-04-30 21:31:36', '2025-05-05 14:04:19'),
(7, 7252, 1, 1, 'approved', NULL, '2025-04-30 21:31:36', '2025-05-05 14:04:19'),
(8, 7253, 1, 1, 'approved', NULL, '2025-04-30 21:31:36', '2025-05-05 14:04:19'),
(9, 7254, 1, 1, 'approved', NULL, '2025-04-30 21:31:36', '2025-05-05 14:04:19'),
(10, 7255, 1, 1, 'approved', NULL, '2025-04-30 21:31:36', '2025-05-05 14:04:19'),
(11, 7256, 1, 1, 'approved', NULL, '2025-04-30 21:31:36', '2025-05-05 14:04:19'),
(12, 7257, 1, 1, 'approved', NULL, '2025-04-30 21:31:36', '2025-05-05 14:04:19'),
(13, 7258, 1, 1, 'approved', NULL, '2025-04-30 21:31:36', '2025-05-05 14:04:19'),
(14, 7259, 1, 1, 'approved', NULL, '2025-04-30 21:31:36', '2025-05-05 14:04:19'),
(15, 7260, 1, 1, 'approved', NULL, '2025-04-30 21:31:36', '2025-05-05 14:04:19'),
(16, 7261, 1, 1, 'approved', NULL, '2025-04-30 21:31:36', '2025-05-05 14:04:19'),
(17, 7262, 1, 1, 'approved', NULL, '2025-04-30 21:31:36', '2025-05-05 14:04:19'),
(18, 7263, 1, 1, 'approved', NULL, '2025-04-30 21:31:36', '2025-05-05 14:04:19'),
(19, 7264, 1, 1, 'approved', NULL, '2025-04-30 21:31:36', '2025-05-05 14:04:19'),
(20, 7265, 1, 1, 'approved', NULL, '2025-04-30 21:31:36', '2025-05-05 14:04:19'),
(21, 7266, 1, 1, 'approved', NULL, '2025-04-30 21:31:36', '2025-05-05 14:04:19'),
(22, 7267, 1, 1, 'approved', NULL, '2025-04-30 21:31:36', '2025-05-05 14:04:19'),
(23, 7268, 1, 1, 'approved', NULL, '2025-04-30 21:31:36', '2025-05-05 14:04:19'),
(24, 7269, 1, 1, 'approved', NULL, '2025-04-30 21:31:36', '2025-05-05 14:04:19'),
(25, 7270, 1, 1, 'approved', NULL, '2025-04-30 21:31:36', '2025-05-05 14:04:19'),
(26, 7271, 1, 1, 'approved', NULL, '2025-04-30 21:31:36', '2025-05-05 14:04:19'),
(27, 7272, 1, 1, 'approved', NULL, '2025-04-30 21:31:36', '2025-05-05 14:04:19'),
(28, 7273, 1, 1, 'approved', NULL, '2025-04-30 21:31:36', '2025-05-05 14:04:19'),
(29, 7274, 1, 1, 'approved', NULL, '2025-04-30 21:31:36', '2025-05-05 14:04:19'),
(30, 7275, 1, 1, 'approved', NULL, '2025-04-30 21:31:36', '2025-05-05 14:04:19'),
(31, 7276, 1, 1, 'approved', NULL, '2025-04-30 21:31:36', '2025-05-05 14:04:19'),
(32, 7277, 1, 1, 'approved', NULL, '2025-04-30 21:31:36', '2025-05-05 14:04:19'),
(33, 7278, 1, 1, 'approved', NULL, '2025-04-30 21:31:36', '2025-05-05 14:04:19'),
(34, 7279, 1, 1, 'approved', NULL, '2025-04-30 21:31:36', '2025-05-05 14:04:19'),
(35, 7280, 1, 1, 'approved', NULL, '2025-04-30 21:31:36', '2025-05-05 14:04:19'),
(36, 7281, 1, 1, 'approved', NULL, '2025-04-30 21:31:36', '2025-05-05 14:04:19'),
(37, 7282, 1, 1, 'approved', NULL, '2025-04-30 21:31:36', '2025-05-05 14:04:19'),
(38, 7283, 1, 1, 'approved', NULL, '2025-04-30 21:31:36', '2025-05-05 14:04:19'),
(39, 7284, 1, 1, 'approved', NULL, '2025-04-30 21:31:36', '2025-05-05 14:04:19'),
(40, 7285, 1, 1, 'approved', NULL, '2025-04-30 21:31:36', '2025-05-05 14:04:19'),
(41, 7286, 1, 1, 'approved', NULL, '2025-04-30 21:31:36', '2025-05-05 14:04:19'),
(42, 7287, 1, 1, 'approved', NULL, '2025-04-30 21:31:36', '2025-05-05 14:04:19'),
(43, 7288, 1, 1, 'approved', NULL, '2025-04-30 21:31:36', '2025-05-05 14:04:19'),
(44, 7289, 1, 1, 'approved', NULL, '2025-04-30 21:31:36', '2025-05-05 14:04:19'),
(45, 7290, 1, 1, 'approved', NULL, '2025-04-30 21:31:36', '2025-05-05 14:04:19'),
(46, 7291, 1, 1, 'approved', NULL, '2025-04-30 21:31:36', '2025-05-05 14:04:19'),
(47, 7292, 1, 1, 'approved', NULL, '2025-04-30 21:31:36', '2025-05-05 14:04:19'),
(48, 7293, 1, 1, 'approved', NULL, '2025-04-30 21:31:36', '2025-05-05 14:04:19'),
(49, 7294, 1, 1, 'approved', NULL, '2025-04-30 21:31:36', '2025-05-05 14:04:19'),
(50, 7295, 1, 1, 'approved', NULL, '2025-04-30 21:31:36', '2025-05-05 14:04:19'),
(51, 7296, 1, 1, 'approved', NULL, '2025-04-30 21:31:36', '2025-05-05 14:04:19'),
(52, 7297, 1, 1, 'approved', NULL, '2025-04-30 21:31:36', '2025-05-05 14:04:19'),
(53, 7298, 1, 1, 'approved', NULL, '2025-04-30 21:31:36', '2025-05-05 14:04:19'),
(54, 7299, 1, 1, 'approved', NULL, '2025-04-30 21:31:36', '2025-05-05 14:04:19'),
(55, 7300, 1, 1, 'approved', NULL, '2025-04-30 21:31:36', '2025-05-05 14:04:19'),
(56, 7301, 1, 1, 'approved', NULL, '2025-04-30 21:31:36', '2025-05-05 14:04:19'),
(57, 7302, 1, 1, 'approved', NULL, '2025-04-30 21:31:36', '2025-05-05 14:04:19'),
(58, 7303, 1, 1, 'approved', NULL, '2025-04-30 21:31:36', '2025-05-05 14:04:19'),
(59, 7304, 1, 1, 'approved', NULL, '2025-04-30 21:31:36', '2025-05-05 14:04:19'),
(60, 7305, 1, 1, 'approved', NULL, '2025-04-30 21:31:36', '2025-05-05 14:04:19'),
(61, 7306, 1, 1, 'approved', NULL, '2025-04-30 21:31:36', '2025-05-05 14:04:19'),
(62, 7307, 1, 1, 'approved', NULL, '2025-04-30 21:31:36', '2025-05-05 14:04:19'),
(63, 7308, 1, 1, 'approved', NULL, '2025-04-30 21:31:36', '2025-05-05 14:04:19'),
(64, 7309, 1, 1, 'approved', NULL, '2025-04-30 21:31:36', '2025-05-05 14:04:19'),
(65, 7310, 1, 1, 'approved', NULL, '2025-04-30 21:31:36', '2025-05-05 14:04:19'),
(66, 7311, 1, 1, 'approved', NULL, '2025-04-30 21:31:36', '2025-05-05 14:04:19'),
(67, 7312, 1, 1, 'approved', NULL, '2025-04-30 21:31:36', '2025-05-05 14:04:19'),
(68, 7313, 1, 1, 'approved', NULL, '2025-04-30 21:31:36', '2025-05-05 14:04:19'),
(69, 7314, 1, 1, 'approved', NULL, '2025-04-30 21:31:36', '2025-05-05 14:04:19'),
(70, 7315, 1, 1, 'approved', NULL, '2025-04-30 21:31:36', '2025-05-05 14:04:19'),
(71, 7316, 1, 1, 'approved', NULL, '2025-04-30 21:31:36', '2025-05-05 14:04:19'),
(72, 7317, 1, 1, 'approved', NULL, '2025-04-30 21:31:36', '2025-05-05 14:04:19'),
(73, 7318, 1, 1, 'approved', NULL, '2025-04-30 21:31:36', '2025-05-05 14:04:19'),
(74, 7319, 1, 1, 'approved', NULL, '2025-04-30 21:31:36', '2025-05-05 14:04:19'),
(75, 7320, 1, 1, 'approved', NULL, '2025-04-30 21:31:36', '2025-05-05 14:04:19'),
(76, 7321, 1, 1, 'approved', NULL, '2025-04-30 21:31:36', '2025-05-05 14:04:19'),
(77, 7322, 1, 1, 'approved', NULL, '2025-04-30 21:31:36', '2025-05-05 14:04:19'),
(78, 7323, 1, 1, 'approved', NULL, '2025-04-30 21:31:36', '2025-05-05 14:04:19'),
(79, 7324, 1, 1, 'approved', NULL, '2025-04-30 21:31:36', '2025-05-05 14:04:19'),
(80, 7325, 1, 1, 'approved', NULL, '2025-04-30 21:31:36', '2025-05-05 14:04:19'),
(81, 7326, 1, 1, 'approved', NULL, '2025-04-30 21:31:36', '2025-05-05 14:04:19'),
(82, 7327, 1, 1, 'approved', NULL, '2025-04-30 21:31:36', '2025-05-05 14:04:19'),
(83, 7328, 1, 1, 'approved', NULL, '2025-04-30 21:31:36', '2025-05-05 14:04:19'),
(84, 7329, 1, 1, 'approved', NULL, '2025-04-30 21:31:36', '2025-05-05 14:04:19'),
(85, 7330, 1, 1, 'approved', NULL, '2025-04-30 21:31:36', '2025-05-05 14:04:19'),
(86, 7331, 1, 1, 'approved', NULL, '2025-04-30 21:31:36', '2025-05-05 14:04:19'),
(87, 7332, 1, 1, 'approved', NULL, '2025-04-30 21:31:36', '2025-05-05 14:04:19'),
(88, 7333, 1, 1, 'approved', NULL, '2025-04-30 21:31:36', '2025-05-05 14:04:19'),
(89, 7334, 1, 1, 'approved', NULL, '2025-04-30 21:31:36', '2025-05-05 14:04:19'),
(90, 7335, 1, 1, 'approved', NULL, '2025-04-30 21:31:36', '2025-05-05 14:04:19'),
(91, 7336, 1, 1, 'approved', NULL, '2025-04-30 21:31:36', '2025-05-05 14:04:19'),
(92, 7337, 1, 1, 'approved', NULL, '2025-04-30 21:31:36', '2025-05-05 14:04:19'),
(93, 7338, 1, 1, 'approved', NULL, '2025-04-30 21:31:36', '2025-05-05 14:04:19'),
(94, 7339, 1, 1, 'approved', NULL, '2025-04-30 21:31:36', '2025-05-05 14:04:19'),
(95, 7340, 1, 1, 'approved', NULL, '2025-04-30 21:31:36', '2025-05-05 14:04:19'),
(96, 7341, 1, 1, 'approved', NULL, '2025-04-30 21:31:36', '2025-05-05 14:04:19'),
(97, 7342, 1, 1, 'approved', NULL, '2025-04-30 21:31:36', '2025-05-05 14:04:19'),
(98, 7343, 1, 1, 'approved', NULL, '2025-04-30 21:31:36', '2025-05-05 14:04:19'),
(99, 7344, 1, 1, 'approved', NULL, '2025-04-30 21:31:36', '2025-05-05 14:04:19'),
(100, 7345, 1, 1, 'approved', NULL, '2025-04-30 21:31:36', '2025-05-05 14:04:19'),
(101, 7346, 1, 1, 'approved', NULL, '2025-04-30 21:31:36', '2025-05-05 14:04:19'),
(102, 7347, 1, 1, 'approved', NULL, '2025-04-30 21:31:36', '2025-05-05 14:04:19'),
(103, 7348, 1, 1, 'approved', NULL, '2025-04-30 21:31:36', '2025-05-05 14:04:19'),
(104, 7349, 1, 1, 'approved', NULL, '2025-04-30 21:31:36', '2025-05-05 14:04:19'),
(105, 7350, 1, 1, 'approved', NULL, '2025-04-30 21:31:36', '2025-05-05 14:04:19'),
(106, 7351, 1, 1, 'approved', NULL, '2025-04-30 21:31:36', '2025-05-05 14:04:19'),
(107, 7352, 1, 1, 'approved', NULL, '2025-04-30 21:31:36', '2025-05-05 14:04:19'),
(108, 7353, 1, 1, 'approved', NULL, '2025-04-30 21:31:36', '2025-05-05 14:04:19'),
(109, 7354, 1, 1, 'approved', NULL, '2025-04-30 21:31:36', '2025-05-05 14:04:19'),
(110, 7355, 1, 1, 'approved', NULL, '2025-04-30 21:31:36', '2025-05-05 14:04:19'),
(111, 7356, 1, 1, 'approved', NULL, '2025-04-30 21:31:36', '2025-05-05 14:04:19'),
(112, 7357, 1, 1, 'approved', NULL, '2025-04-30 21:31:36', '2025-05-05 14:04:19'),
(113, 7358, 1, 1, 'approved', NULL, '2025-04-30 21:31:36', '2025-05-05 14:04:19'),
(114, 7359, 1, 1, 'approved', NULL, '2025-04-30 21:31:36', '2025-05-05 14:04:19'),
(115, 7360, 1, 1, 'approved', NULL, '2025-04-30 21:31:36', '2025-05-05 14:04:19'),
(116, 7361, 1, 1, 'approved', NULL, '2025-04-30 21:31:36', '2025-05-05 14:04:19'),
(117, 7362, 1, 1, 'approved', NULL, '2025-04-30 21:31:36', '2025-05-05 14:04:19'),
(118, 7363, 1, 1, 'approved', NULL, '2025-04-30 21:31:36', '2025-05-05 14:04:19'),
(119, 7364, 1, 1, 'approved', NULL, '2025-04-30 21:31:36', '2025-05-05 14:04:19'),
(120, 7365, 1, 1, 'approved', NULL, '2025-04-30 21:31:36', '2025-05-05 14:04:19'),
(121, 7366, 1, 1, 'approved', NULL, '2025-04-30 21:31:37', '2025-05-05 14:04:19'),
(122, 7367, 1, 1, 'approved', NULL, '2025-04-30 21:31:37', '2025-05-05 14:04:19'),
(123, 7368, 1, 1, 'approved', NULL, '2025-04-30 21:31:37', '2025-05-05 14:04:19'),
(124, 7369, 1, 1, 'approved', NULL, '2025-04-30 21:31:37', '2025-05-05 14:04:19'),
(125, 7370, 1, 1, 'approved', NULL, '2025-04-30 21:31:37', '2025-05-05 14:04:19'),
(126, 7371, 1, 1, 'approved', NULL, '2025-04-30 21:31:37', '2025-05-05 14:04:19'),
(127, 7372, 1, 1, 'approved', NULL, '2025-04-30 21:31:37', '2025-05-05 14:04:19'),
(128, 7373, 1, 1, 'approved', NULL, '2025-04-30 21:31:37', '2025-05-05 14:04:19'),
(129, 7374, 1, 1, 'approved', NULL, '2025-04-30 21:31:37', '2025-05-05 14:04:19'),
(130, 7375, 1, 1, 'approved', NULL, '2025-04-30 21:31:37', '2025-05-05 14:04:19'),
(131, 7376, 1, 1, 'approved', NULL, '2025-04-30 21:31:37', '2025-05-05 14:04:19'),
(132, 7377, 1, 1, 'approved', NULL, '2025-04-30 21:31:37', '2025-05-05 14:04:19'),
(133, 7378, 1, 1, 'approved', NULL, '2025-04-30 21:31:37', '2025-05-05 14:04:19'),
(134, 7379, 1, 1, 'approved', NULL, '2025-04-30 21:31:37', '2025-05-05 14:04:19'),
(135, 7380, 1, 1, 'approved', NULL, '2025-04-30 21:31:37', '2025-05-05 14:04:19'),
(136, 7381, 1, 1, 'approved', NULL, '2025-04-30 21:31:37', '2025-05-05 14:04:19'),
(137, 7382, 1, 1, 'approved', NULL, '2025-04-30 21:31:37', '2025-05-05 14:04:19'),
(138, 7383, 1, 1, 'approved', NULL, '2025-04-30 21:31:37', '2025-05-05 14:04:19'),
(139, 7384, 1, 1, 'approved', NULL, '2025-04-30 21:31:37', '2025-05-05 14:04:19'),
(140, 7385, 1, 1, 'approved', NULL, '2025-04-30 21:31:37', '2025-05-05 14:04:19'),
(141, 7386, 1, 1, 'approved', NULL, '2025-04-30 21:31:37', '2025-05-05 14:04:19'),
(142, 7387, 1, 1, 'approved', NULL, '2025-04-30 21:31:37', '2025-05-05 14:04:19'),
(143, 7388, 1, 1, 'approved', NULL, '2025-04-30 21:31:37', '2025-05-05 14:04:19'),
(144, 7389, 1, 1, 'approved', NULL, '2025-04-30 21:31:37', '2025-05-05 14:04:19'),
(145, 7390, 1, 1, 'approved', NULL, '2025-04-30 21:31:37', '2025-05-05 14:04:19'),
(146, 7391, 1, 1, 'approved', NULL, '2025-04-30 21:31:37', '2025-05-05 14:04:19'),
(147, 7392, 1, 1, 'approved', NULL, '2025-04-30 21:31:37', '2025-05-05 14:04:19'),
(148, 7393, 1, 1, 'approved', NULL, '2025-04-30 21:31:37', '2025-05-05 14:04:19'),
(149, 7394, 1, 1, 'approved', NULL, '2025-04-30 21:31:37', '2025-05-05 14:04:19'),
(150, 7395, 1, 1, 'approved', NULL, '2025-04-30 21:31:37', '2025-05-05 14:04:19'),
(151, 7396, 1, 1, 'approved', NULL, '2025-04-30 21:31:37', '2025-05-05 14:04:19'),
(152, 7397, 1, 1, 'approved', NULL, '2025-04-30 21:31:37', '2025-05-05 14:04:19'),
(153, 7398, 1, 1, 'approved', NULL, '2025-04-30 21:31:37', '2025-05-05 14:04:19'),
(154, 7399, 1, 1, 'approved', NULL, '2025-04-30 21:31:37', '2025-05-05 14:04:19'),
(155, 7400, 1, 1, 'approved', NULL, '2025-04-30 21:31:37', '2025-05-05 14:04:19'),
(156, 7401, 1, 1, 'approved', NULL, '2025-04-30 21:31:37', '2025-05-05 14:04:19'),
(157, 7402, 1, 1, 'approved', NULL, '2025-04-30 21:31:37', '2025-05-05 14:04:19'),
(158, 7403, 1, 1, 'approved', NULL, '2025-04-30 21:31:37', '2025-05-05 14:04:19'),
(159, 7404, 1, 1, 'approved', NULL, '2025-04-30 21:31:37', '2025-05-05 14:04:19'),
(160, 7405, 1, 1, 'approved', NULL, '2025-04-30 21:31:37', '2025-05-05 14:04:19');


INSERT INTO `employees` (`id`, `user_id`, `name`, `email`, `phone`, `employee_code`, `department_id`, `position_id`, `hire_date`, `contract_type`, `contract_start_date`, `contract_end_date`, `base_salary`, `termination_date`, `status`, `created_at`, `updated_at`) VALUES
(1, 1, 'Lê Khánh Duy', 'lekhanhduy123@gmail.com', NULL, 'EMP-ADM-001', 1, 1, '2020-01-01', NULL, NULL, NULL, 0.00, NULL, 'active', '2025-04-30 11:53:44', '2025-05-07 15:25:47'),
(2, 2, 'Trần Hải Đăng', 'tranhaidang123@gmail.com', NULL, 'EMP-MGR-IT-002', 1, 2, '2020-02-01', NULL, NULL, NULL, 0.00, NULL, 'active', '2025-04-30 11:53:44', '2025-05-07 15:26:01'),
(3, 3, 'Trần Tấn Đạt', 'trantandat123@gmail.com', NULL, 'EMP-HR-003', 2, 3, '2020-03-01', NULL, NULL, NULL, 0.00, NULL, 'active', '2025-04-30 11:53:44', '2025-05-07 15:26:14'),
(4, 4, 'Võ Văn Hiếu', 'vovanhieu123@gmail.com', NULL, 'EMP-IT-004', 1, 4, '2020-04-01', NULL, NULL, NULL, 0.00, NULL, 'active', '2025-04-30 11:53:44', '2025-05-07 15:26:30'),
(5, 5, 'Nguyễn Thanh Toàn', 'nguyenthanhtoan123@gmail.com', NULL, 'EMP-IT-005', 1, 4, '2020-05-01', NULL, NULL, NULL, 0.00, NULL, 'active', '2025-04-30 11:53:44', '2025-05-07 15:26:45'),
(6, 6, 'Trần Văn Lộc', 'tranvanloc123@gmail.com', NULL, 'EMP-HR-006', 2, 4, '2020-06-01', NULL, NULL, NULL, 0.00, NULL, 'active', '2025-04-30 11:53:44', '2025-05-07 15:26:57'),
(7, 7, 'Lưu phúc Lộc', 'luuphucloc123@gmail.com', NULL, 'EMP-FIN-007', 3, 5, '2020-07-01', NULL, NULL, NULL, 0.00, NULL, 'active', '2025-04-30 11:53:44', '2025-05-07 15:27:09'),
(8, 8, 'Nguyễn Minh Minh', 'nguyenminhminh123@gmail.com', NULL, 'EMP-MKT-008', 4, 7, '2020-08-01', NULL, NULL, NULL, 0.00, NULL, 'active', '2025-04-30 11:53:44', '2025-05-07 15:27:22'),
(9, 9, 'Đặng Thanh Phong', 'dangthanhphong123@gmail.com', NULL, 'EMP-SLS-009', 5, 8, '2020-09-01', NULL, NULL, NULL, 0.00, NULL, 'active', '2025-04-30 11:53:44', '2025-05-07 15:27:36'),
(10, 10, 'Dương Hữu Nhờ', 'duonghuunho123@gmail.com', NULL, 'EMP-OPT-010', 6, 9, '2020-10-01', NULL, NULL, NULL, 0.00, NULL, 'active', '2025-04-30 11:53:44', '2025-05-07 15:27:50'),
(28, 241, 'Nguyễn Tiền Lâm', 'nguyentienlam123@gmail.com', NULL, 'NV25059009', 1, 1, '2024-01-01', 'Permanent', '2024-01-01', '2024-12-31', 10000000.00, NULL, 'active', '2025-05-04 21:21:55', '2025-05-07 15:28:04');


INSERT INTO `departments` (`id`, `name`, `description`, `status`, `manager_id`, `parent_id`, `created_at`, `updated_at`, `version`) VALUES
(1, 'IT', 'Phòng Công nghệ Thông tin', 'active', 2, NULL, '2025-04-30 11:53:16', '2025-05-11 17:45:49', 1),
(2, 'HR', 'Phòng Nhân sự', 'active', 3, NULL, '2025-04-30 11:53:16', '2025-05-11 17:45:49', 1),
(3, 'Finance', 'Phòng Tài chính', 'active', NULL, NULL, '2025-04-30 11:53:16', '2025-05-11 18:59:35', 2),
(4, 'Marketing', 'Phòng Tiếp thị', 'active', 8, NULL, '2025-04-30 11:53:16', '2025-05-11 17:45:49', 1),
(5, 'Sales', 'Phòng Kinh tế', 'active', 4, NULL, '2025-04-30 11:53:16', '2025-05-11 19:13:28', 3),
(6, 'Operations', 'Phòng Vận hành', 'active', 10, NULL, '2025-04-30 11:53:16', '2025-05-11 17:45:49', 1),
(7, 'Legal', 'Phòng Pháp lý', 'active', 28, 1, '2025-04-30 11:53:16', '2025-05-11 18:48:58', 6),
(10, 'Logistics', 'Phòng Hậu cần', 'active', 5, NULL, '2025-04-30 11:53:16', '2025-05-11 19:13:28', 2),
(11, 'Phong Hanh Chinh', '', 'active', NULL, NULL, '2025-05-05 13:21:17', '2025-05-11 19:54:56', 6),
(12, 'Test Department', 'Test Description', 'active', NULL, NULL, '2025-05-11 17:57:31', '2025-05-11 17:57:31', 1),
(14, 'Test Department 1746961086', 'Test Description', 'active', NULL, NULL, '2025-05-11 17:58:06', '2025-05-11 17:58:06', 1),
(16, 'Test Department 1746961134', 'Test Description', 'active', NULL, NULL, '2025-05-11 17:58:54', '2025-05-11 17:58:54', 1),
(18, 'Test Department 1746961135', 'Test Description', 'active', NULL, NULL, '2025-05-11 17:58:55', '2025-05-11 17:58:55', 1),
(20, 'Test Department 682083153f993_1746961173', 'Test Description', 'active', NULL, NULL, '2025-05-11 17:59:33', '2025-05-11 17:59:33', 1),
(22, 'Test Department 6820833bef06f_1746961211', 'Test Description', 'active', NULL, NULL, '2025-05-11 18:00:11', '2025-05-11 18:00:11', 1),
(24, 'Test Department 6820835d6c269_1746961245', 'Test Description', 'active', NULL, NULL, '2025-05-11 18:00:45', '2025-05-11 18:00:45', 1),
(25, 'Test Department 6820835d776d7_1746961245', 'Updated Description', 'active', NULL, NULL, '2025-05-11 18:00:45', '2025-05-11 18:00:45', 1),
(33, 'Test Department 682083b7323da_1746961335', 'Test Description', 'active', NULL, NULL, '2025-05-11 18:02:15', '2025-05-11 18:02:15', 1),
(37, 'Test Department Duplicate', 'Test Description', 'active', NULL, NULL, '2025-05-11 18:03:20', '2025-05-11 18:03:20', 1),
(39, 'Test Department 682083f89ae29_1746961400', 'Test Description', 'active', NULL, NULL, '2025-05-11 18:03:20', '2025-05-11 18:03:20', 1),
(46, 'Test Department 6820842900efb_1746961449', 'Test Description', 'active', NULL, NULL, '2025-05-11 18:04:09', '2025-05-11 18:04:09', 1),
(53, 'Test Department 6820844624a45_1746961478', 'Test Description', 'active', NULL, NULL, '2025-05-11 18:04:38', '2025-05-11 18:04:38', 1),
(60, 'Test Department 68208462ba030_1746961506', 'Test Description', 'active', NULL, NULL, '2025-05-11 18:05:06', '2025-05-11 18:05:06', 1),
(67, 'Test Department 6820847c6b95b_1746961532', 'Test Description', 'active', NULL, NULL, '2025-05-11 18:05:32', '2025-05-11 18:05:32', 1),
(74, 'Test Department 682084ca77021_1746961610', 'Test Description', 'active', NULL, NULL, '2025-05-11 18:06:50', '2025-05-11 18:06:50', 1),
(85, 'Phòng ban Đạt', 'hfgdsa', 'active', NULL, NULL, '2025-05-11 18:52:33', '2025-05-11 18:52:45', 2);


INSERT INTO `users` (`user_id`, `username`, `email`, `password_hash`, `password_salt`, `role_id`, `is_active`, `requires_password_change`, `last_login`, `login_attempts`, `last_attempt`, `remember_token`, `remember_token_expiry`, `created_at`, `updated_at`) VALUES
(1, 'admin', 'admin@company.com', 'hashed_password', NULL, 1, 1, 0, NULL, 0, NULL, NULL, NULL, '2025-04-30 11:53:34', '2025-04-30 11:53:34'),
(2, 'manager_it', 'manager.it@company.com', 'hashed_password', NULL, 2, 1, 0, NULL, 0, NULL, NULL, NULL, '2025-04-30 11:53:34', '2025-04-30 11:53:34'),
(3, 'hr_manager', 'hr@company.com', 'hashed_password', NULL, 3, 1, 0, NULL, 0, NULL, NULL, NULL, '2025-04-30 11:53:34', '2025-04-30 11:53:34'),
(4, 'employee1', 'employee1@company.com', 'hashed_password', NULL, 4, 1, 0, NULL, 0, NULL, NULL, NULL, '2025-04-30 11:53:34', '2025-04-30 11:53:34'),
(5, 'employee2', 'employee2@company.com', 'hashed_password', NULL, 4, 1, 0, NULL, 0, NULL, NULL, NULL, '2025-04-30 11:53:34', '2025-04-30 11:53:34'),
(6, 'employee3', 'employee3@company.com', 'hashed_password', NULL, 4, 1, 0, NULL, 0, NULL, NULL, NULL, '2025-04-30 11:53:34', '2025-04-30 11:53:34'),
(7, 'employee4', 'employee4@company.com', 'hashed_password', NULL, 4, 1, 0, NULL, 0, NULL, NULL, NULL, '2025-04-30 11:53:34', '2025-04-30 11:53:34'),
(8, 'employee5', 'employee5@company.com', 'hashed_password', NULL, 4, 1, 0, NULL, 0, NULL, NULL, NULL, '2025-04-30 11:53:34', '2025-04-30 11:53:34'),
(9, 'employee6', 'employee6@company.com', 'hashed_password', NULL, 4, 1, 0, NULL, 0, NULL, NULL, NULL, '2025-04-30 11:53:34', '2025-04-30 11:53:34'),
(10, 'employee7', 'employee7@company.com', 'hashed_password', NULL, 4, 1, 0, NULL, 0, NULL, NULL, NULL, '2025-04-30 11:53:34', '2025-04-30 11:53:34'),
(241, 'nguyenvana@company.com', 'nguyenvana@company.com', '$2y$10$ivdYvC3xb4Wy3lu3jzYupuJMeUwC6.3y94zJyUF.fQfR.O4Zae8tG', NULL, 2, 1, 0, NULL, 0, NULL, NULL, NULL, '2025-05-04 21:21:55', '2025-05-04 21:21:55'),
(243, 'test_employee_682084ca77731', 'test_user_682084ca77735@example.com', '$2y$10$VqiR5aceVoEi5atSfIEM2.Ik0HRDuhUN1IWvn3sz5pdjLzeHBTD2m', NULL, 2, 1, 0, NULL, 0, NULL, NULL, NULL, '2025-05-11 18:06:50', '2025-05-11 18:06:50');


INSERT INTO `attendance` (`attendance_id`, `employee_id`, `attendance_date`, `check_in_time`, `check_out_time`, `work_duration_hours`, `attendance_symbol`, `notes`, `recorded_at`, `source`) VALUES
(1, 1, '2023-10-01', '08:00:00', '17:00:00', NULL, 'P', NULL, '2025-04-30 11:54:01', 'manual'),
(2, 1, '2023-10-02', '08:15:00', '17:30:00', NULL, 'P', NULL, '2025-04-30 11:54:01', 'manual'),
(3, 1, '2023-10-03', NULL, NULL, NULL, 'A', NULL, '2025-04-30 11:54:01', 'manual'),
(4, 2, '2023-10-01', '08:05:00', '17:10:00', NULL, 'P', NULL, '2025-04-30 11:54:01', 'manual'),
(5, 2, '2023-10-02', '08:20:00', '17:25:00', NULL, 'WFH', NULL, '2025-04-30 11:54:01', 'manual'),
(6, 3, '2023-10-01', '08:10:00', '17:15:00', NULL, 'L', NULL, '2025-04-30 11:54:01', 'manual'),
(7, 4, '2023-10-01', '08:00:00', '17:00:00', NULL, 'P', NULL, '2025-04-30 11:54:01', 'manual'),
(8, 5, '2023-10-01', '08:30:00', '17:45:00', NULL, 'P', NULL, '2025-04-30 11:54:01', 'manual'),
(9, 6, '2023-10-01', NULL, NULL, NULL, 'A', NULL, '2025-04-30 11:54:01', 'manual'),
(10, 7, '2023-10-01', '08:00:00', '17:00:00', NULL, 'P', NULL, '2025-04-30 11:54:01', 'manual'),
(27, 2, '2025-04-30', '07:50:00', NULL, NULL, 'P', NULL, '2025-04-30 15:33:05', 'manual'),
(28, 3, '2025-04-30', '07:50:00', NULL, NULL, 'P', NULL, '2025-04-30 15:33:05', 'manual'),
(29, 4, '2025-04-30', '07:50:00', NULL, NULL, 'P', NULL, '2025-04-30 15:33:05', 'manual'),
(30, 5, '2025-04-30', '08:15:00', NULL, NULL, 'P', NULL, '2025-04-30 15:33:05', 'manual'),
(31, 6, '2025-04-30', '08:15:00', NULL, NULL, 'P', NULL, '2025-04-30 15:33:05', 'manual'),
(32, 7, '2025-04-30', '08:15:00', NULL, NULL, 'P', NULL, '2025-04-30 15:33:05', 'manual'),
(33, 8, '2025-04-30', NULL, NULL, NULL, 'A', NULL, '2025-04-30 15:33:05', 'manual'),
(34, 9, '2025-04-30', NULL, NULL, NULL, 'A', NULL, '2025-04-30 15:33:05', 'manual'),
(35, 10, '2025-04-30', NULL, NULL, NULL, 'A', NULL, '2025-04-30 15:33:05', 'manual');


INSERT INTO `performances` (`id`, `employee_id`, `reviewer_user_id`, `review_period_start`, `review_period_end`, `review_date`, `evaluation_date`, `performance_score`, `score`, `strengths`, `areas_for_improvement`, `employee_comments`, `reviewer_comments`, `goals_for_next_period`, `status`, `created_at`, `updated_at`) VALUES
(1, 1, 2, '2023-01-01', '2023-12-31', '2023-12-15', '2023-12-15', 4.50, 4.50, NULL, NULL, NULL, NULL, NULL, 'draft', '2025-04-30 11:57:49', '2025-04-30 16:06:29'),
(2, 2, 1, '2023-01-01', '2023-12-31', '2023-12-15', '2023-12-15', 4.20, 4.20, NULL, NULL, NULL, NULL, NULL, 'draft', '2025-04-30 11:57:49', '2025-04-30 16:06:29'),
(3, 3, 1, '2023-01-01', '2023-12-31', '2023-12-15', '2023-12-15', 4.00, 4.00, NULL, NULL, NULL, NULL, NULL, 'draft', '2025-04-30 11:57:49', '2025-04-30 16:06:29'),
(4, 4, 2, '2023-01-01', '2023-12-31', '2023-12-15', '2023-12-15', 3.80, 3.80, NULL, NULL, NULL, NULL, NULL, 'draft', '2025-04-30 11:57:49', '2025-04-30 16:06:29'),
(5, 5, 2, '2023-01-01', '2023-12-31', '2023-12-15', '2023-12-15', 4.10, 4.10, NULL, NULL, NULL, NULL, NULL, 'draft', '2025-04-30 11:57:49', '2025-04-30 16:06:29'),
(6, 6, 3, '2023-01-01', '2023-12-31', '2023-12-15', '2023-12-15', 3.90, 3.90, NULL, NULL, NULL, NULL, NULL, 'draft', '2025-04-30 11:57:49', '2025-04-30 16:06:29'),
(7, 7, 3, '2023-01-01', '2023-12-31', '2023-12-15', '2023-12-15', 4.30, 4.30, NULL, NULL, NULL, NULL, NULL, 'draft', '2025-04-30 11:57:49', '2025-04-30 16:06:29'),
(8, 8, 1, '2023-01-01', '2023-12-31', '2023-12-15', '2023-12-15', 4.00, 4.00, NULL, NULL, NULL, NULL, NULL, 'draft', '2025-04-30 11:57:49', '2025-04-30 16:06:29'),
(9, 9, 2, '2023-01-01', '2023-12-31', '2023-12-15', '2023-12-15', 3.70, 3.70, NULL, NULL, NULL, NULL, NULL, 'draft', '2025-04-30 11:57:49', '2025-04-30 16:06:29'),
(10, 10, 3, '2023-01-01', '2023-12-31', '2023-12-15', '2023-12-15', 4.20, 4.20, NULL, NULL, NULL, NULL, NULL, 'draft', '2025-04-30 11:57:49', '2025-04-30 16:06:29');


INSERT INTO `salary_history` (`salary_history_id`, `employee_id`, `effective_date`, `previous_salary`, `new_salary`, `salary_currency`, `reason`, `decision_attachment_url`, `recorded_by_user_id`, `created_at`) VALUES
(1, 1, '2021-01-01', 25000000.00, 30000000.00, 'VND', 'Thăng chức', NULL, NULL, '2025-04-30 11:54:16'),
(2, 2, '2021-02-01', 20000000.00, 25000000.00, 'VND', 'Tăng lương định kỳ', NULL, NULL, '2025-04-30 11:54:16'),
(3, 3, '2021-03-01', 18000000.00, 22000000.00, 'VND', 'Hoàn thành dự án', NULL, NULL, '2025-04-30 11:54:16'),
(4, 4, '2021-04-01', 12000000.00, 15000000.00, 'VND', 'Ký hợp đồng mới', NULL, NULL, '2025-04-30 11:54:16'),
(5, 5, '2021-05-01', 12000000.00, 15000000.00, 'VND', 'Ký hợp đồng mới', NULL, NULL, '2025-04-30 11:54:16'),
(6, 6, '2021-06-01', NULL, 5000000.00, 'VND', 'Bắt đầu thực tập', NULL, NULL, '2025-04-30 11:54:16'),
(7, 7, '2021-07-01', 15000000.00, 18000000.00, 'VND', 'Tăng lương', NULL, NULL, '2025-04-30 11:54:16'),
(8, 8, '2021-08-01', 18000000.00, 20000000.00, 'VND', 'Thăng chức', NULL, NULL, '2025-04-30 11:54:16'),
(9, 9, '2021-09-01', 14000000.00, 16000000.00, 'VND', 'Điều chỉnh lương', NULL, NULL, '2025-04-30 11:54:16'),
(10, 10, '2021-10-01', 15000000.00, 17000000.00, 'VND', 'Tăng lương', NULL, NULL, '2025-04-30 11:54:16');


INSERT INTO `bonuses` (`bonus_id`, `employee_id`, `bonus_type`, `amount`, `effective_date`, `payroll_id`, `reason`, `status`, `approved_by_user_id`, `created_at`) VALUES
(1, 1, 'Performance', 5000000.00, '2023-10-01', NULL, 'Hoàn thành dự án xuất sắc', 'paid', NULL, '2025-04-30 11:57:33'),
(2, 2, 'Referral', 3000000.00, '2023-10-01', NULL, 'Giới thiệu nhân viên mới', 'paid', NULL, '2025-04-30 11:57:33'),
(3, 3, 'Spot', 2000000.00, '2023-10-01', NULL, 'Giải quyết vấn đề nhanh', 'paid', NULL, '2025-04-30 11:57:33'),
(4, 4, 'Performance', 4000000.00, '2023-10-01', NULL, 'Đạt KPI cao', 'paid', NULL, '2025-04-30 11:57:33'),
(5, 5, 'Annual', 3000000.00, '2023-10-01', NULL, 'Thưởng cuối năm', 'paid', NULL, '2025-04-30 11:57:33'),
(6, 6, 'Spot', 1000000.00, '2023-10-01', NULL, 'Hỗ trợ đồng nghiệp', 'paid', NULL, '2025-04-30 11:57:33'),
(7, 7, 'Performance', 3500000.00, '2023-10-01', NULL, 'Hoàn thành deadline', 'paid', NULL, '2025-04-30 11:57:33'),
(8, 8, 'Referral', 2500000.00, '2023-10-01', NULL, 'Giới thiệu khách hàng', 'paid', NULL, '2025-04-30 11:57:33'),
(9, 9, 'Spot', 1500000.00, '2023-10-01', NULL, 'Sáng kiến cải tiến', 'paid', NULL, '2025-04-30 11:57:33'),
(10, 10, 'Annual', 2000000.00, '2023-10-01', NULL, 'Thưởng cuối năm', 'paid', NULL, '2025-04-30 11:57:33');


INSERT INTO allowances (allowance_id, name, description, amount, is_percentage, percentage_rate, is_active) VALUES
(1, 'Phụ cấp ăn trưa', 'Phụ cấp ăn trưa hàng tháng', 800000, 0, 0, 1),
(2, 'Phụ cấp đi lại', 'Phụ cấp xăng xe đi lại', 500000, 0, 0, 1),
(3, 'Phụ cấp thâm niên', 'Phụ cấp theo số năm làm việc', 0, 1, 5.00, 1),
(4, 'Phụ cấp trách nhiệm', 'Phụ cấp cho vị trí quản lý', 1000000, 0, 0, 1),
(5, 'Phụ cấp đặc biệt', 'Phụ cấp cho công việc đặc biệt', 0, 1, 10.00, 1);

INSERT INTO deductions (deduction_id, name, description, amount, is_percentage, percentage_rate, is_active) VALUES
(1, 'Bảo hiểm xã hội', 'Khấu trừ BHXH 8%', 0, 1, 8.00, 1),
(2, 'Bảo hiểm y tế', 'Khấu trừ BHYT 1.5%', 0, 1, 1.50, 1),
(3, 'Bảo hiểm thất nghiệp', 'Khấu trừ BHTN 1%', 0, 1, 1.00, 1),
(4, 'Thuế thu nhập cá nhân', 'Khấu trừ thuế TNCN', 0, 1, 5.00, 1),
(5, 'Khấu trừ khác', 'Các khoản khấu trừ khác', 0, 0, 0, 1);

-- Bảng payroll_allowances
INSERT INTO payroll_allowances (payroll_id, allowance_id, employee_id, amount) VALUES
(7246, 1, 1, 800000),
(7246, 2, 1, 500000),
(7246, 3, 1, 1000000),
(7247, 1, 2, 800000),
(7247, 2, 2, 500000),
(7247, 4, 2, 1000000);

-- Bảng payroll_bonuses
INSERT INTO payroll_bonuses (payroll_id, bonus_id, employee_id, amount) VALUES
(7246, 1, 1, 5000000),
(7247, 2, 2, 3000000),
(7248, 3, 3, 2000000),
(7249, 4, 4, 1000000),
(7250, 5, 5, 4000000);

-- Bảng payroll_deductions
INSERT INTO payroll_deductions (payroll_id, deduction_id, employee_id, amount) VALUES
(7246, 1, 1, 800000),
(7246, 2, 1, 150000),
(7246, 3, 1, 100000),
(7247, 1, 2, 800000),
(7247, 2, 2, 150000),
(7247, 3, 2, 100000);


-- Bảng payroll_payments
INSERT INTO payroll_payments (payroll_id, employee_id, payment_date, payment_method, payment_reference, amount, status) VALUES
(7246, 1, '2024-03-05', 'bank_transfer', 'PAY-001', 15000000, 'completed'),
(7247, 2, '2024-03-05', 'bank_transfer', 'PAY-002', 12000000, 'completed'),
(7248, 3, '2024-03-05', 'bank_transfer', 'PAY-003', 10000000, 'completed'),
(7249, 4, '2024-03-05', 'bank_transfer', 'PAY-004', 9000000, 'completed'),
(7250, 5, '2024-03-05', 'bank_transfer', 'PAY-005', 8000000, 'completed');

-- Bảng payroll_history
INSERT INTO payroll_history (payroll_id, employee_id, action_type, action_by_user_id, notes) VALUES
(7246, 1, 'created', 1, 'Tạo bảng lương tháng 3/2024'),
(7246, 1, 'approved', 2, 'Phê duyệt bảng lương tháng 3/2024'),
(7246, 1, 'paid', 3, 'Thanh toán lương tháng 3/2024'),
(7247, 2, 'created', 1, 'Tạo bảng lương tháng 3/2024'),
(7247, 2, 'approved', 2, 'Phê duyệt bảng lương tháng 3/2024'),
(7247, 2, 'paid', 3, 'Thanh toán lương tháng 3/2024');

